Game,Link
Renekton 0.47 Zed 0.25 LeBlanc 0.56 Lucian 0.43 Leona 0.4 Aatrox 0.53 Fiddlesticks 0.53 Ahri 0.77 Samira 0.57 Nautilus 0.6 1,
Gangplank 0.35 Lillia 0.57 Sylas 0.55 Ashe 0.55 Nautilus 0.63 Sion 0.56 Wukong 0.5 Lissandra 0.4 Xayah 0.51 Bard 0.56 0,
Camille 0.5 Wukong 0.53 Corki 0.52 Neeko 0.5 Renata Glasc 0.48 Fiora 0.53 Taric 0.5 Akali 0.51 Ezreal 0.58 Karma 0.54 0,
Singed 0.61 Rammus 0.55 Yone 0.51 Xayah 0.5 Karma 0.48 Darius 0.51 Trundle 0.64 Viktor 0.8 Kai'Sa 0.69 Pyke 0.57 1,
Pantheon 0.86 Karthus 0.67 LeBlanc 0.63 Kalista 0.5 Pyke 0.57 Camille 0.64 Rengar 0.5 Katarina 0.78 Ezreal 0.54 Seraphine 0.63 0,
Gangplank 0.61 Nidalee 0.43 Talon 0.66 Aphelios 0.47 Thresh 0.57 Sion 0.54 Kha'Zix 0.61 Fizz 0.47 Miss Fortune 0.57 Amumu 0.5 0,
Riven 0.68 Rengar 0.56 Vladimir 0.67 Kai'Sa 0.54 Zilean 0.5 Fiora 0.61 Rammus 0.55 Diana 0.54 Caitlyn 0.47 Xerath 0.47  0,
Shen 0.44 Rengar 0.6 Orianna 0.5 Xayah 0.63 Nautilus 0.59 Ornn 0.48 Viego 0.36 Malphite 0.47 Jinx 0.5 Braum 0.61 0,
Ornn 0.53 Kha'Zix 0.44 Veigar 0.56 Draven 0.52 Nami 0.45 Gangplank 0.46 Graves 0.55 Vex 0.38 Kai'Sa 0.55 Braum 0.67 1,
Jax 0.55 Viego 0.63 Corki 0.45 Kai'Sa 0.58 Zyra 0.81 Gragas 0.47 Rengar 0.55 Qiyana 0.59 Samira 0.59 Thresh 0.49 0,
Garen 0.56 Graves 0.55 Akali 0.4 Ziggs 0.6 Pantheon 0.44 Gangplank 0.38 Nidalee 0.64 Draven 0.53 Kai'Sa 0.25 Pyke 0.57 0,
Pantheon 0.67 Ekko 0.65 Malphite 0.6 Lucian 0.58 Nami 0.5 Riven 0.6 Ivern 0.54 Akshan 0.33 Ezreal 0.55 Leona 0.73 0,
Lucian 0.54 Kha'Zix 0.53 Vladimir 0.5 Draven 0.56 Brand 0.5 Vayne 0.55 Zac 0.53 Syndra 0.51 Sivir 0.57 Nami 0.52 1,
Sett 0.6 Ekko 0.65 Corki 0.42 Xayah 0.56 Soraka 0.57 Riven 0.6 Talon 0.61 Ahri 0.5 Kai'Sa 0.51 Senna 0.54 1,
Sion 0.51 Teemo 0.5 Zilean 0.45 Aphelios 0.5 Morgana 0.2 Ornn 0.61 Rammus 0.55 Yone 0.61 Jinx 0.4 Nautilus 0.67 1,
Gangplank 0.55 Karthus 0.4 Jax 0.66 Vayne 0.43 Alistar 0.6 Kayle 0.47 Diana 0.55 Irelia 0.5 Yasuo 0.5 Soraka 0.53 0,
Karma 0.63 Graves 0.65 Kassadin 0.75 Jhin 0.33 Soraka 0.53 Yasuo 0.58 Diana 0.9 Gragas 0.62 Xayah 0.5 Rakan 0.53 0,
Tristana 0.45 Talon 0.61 Akali 0.55 Veigar 0.6 Nautilus 0.54 Gangplank 0.64 Karthus 0.68 Lucian 0.57 Xayah 0.7 Thresh 0.67 1,
Gangplank 0.55 Evelynn 0.5 Jayce 0.44 Lucian 0.47 Nami 0.42 Irelia 0.69 Karthus 0.56 Akshan 0.56 Zeri 0.59 Karma 0.67 1,
Jax 0.52 Evelynn 0.61 LeBlanc 0.68 Kindred 0.77 Nautilus 0.59 Urgot 0.54 Lillia 0.53 Akali 0.39 Yasuo 0.69 Pyke 0.5 0,
Cassiopeia 0.71 Graves 0.33 Akshan 0.45 Aphelios 0.17 Lux 0.5 Sion 0.56 Jarvan IV 0.33 Syndra 0.67 Ezreal 0.56 Zilean 0.55 1,
Sion 0.64 Shaco 0.56 Soraka 0.65 Draven 0.54 Xerath 0.5 Gangplank 0.44 Kayn 0.54 Corki 0.63 Yasuo 0.59 Nautilus 0.41 1,
Sion 0.53 Evelynn 0.68 Qiyana 0.65 Lucian 0.53 Blitzcrank 0.73 Neeko 0.41 Rengar 0.58 Ekko 0.6 Miss Fortune 0.44 Sett 0.39 0,
Malphite 0.6 Shaco 0.63 Irelia 0.67 Kai'Sa 0.56 Nautilus 0.6 Jayce 0.5 Wukong 0.6 Lissandra 0.5 Xayah 0.62 Pyke 0.5 0,
Tryndamere 0.64 Ekko 0.57 Zed 0.49 Caitlyn 0.62 Nami 0.6 Jayce 0.56 Kindred 0.68 Swain 0.57 Jhin 0.53 Karma 0.55 0,
Jax 0.56 Nunu & Willump 0.43 Ahri 0.54 Jhin 0.4 Lee Sin 0.5 Riven 0.52 Wukong 0.5 Vladimir 0.83 Ezreal 0.63 Soraka 0.47 1,
Sett 0.41 Kha'Zix 0.56 Vladimir 0.43 Zeri 0.67 Nautilus 0.41 Kennen 0.5 Nidalee 0.6 Yasuo 0.52 Jinx 0.6 Renata Glasc 0.52 1,
Gnar 0.5 Rek'Sai 0.52 Camille 0.49 Ziggs 0.5 Blitzcrank 0.5 Fiora 0.49 Viego 0.5 LeBlanc 0.55 Vayne 0.54 Nami 0.49 1,
Jayce 0.49 Viego 0.62 Galio 0.56 Sivir 0.65 Thresh 0.5 Graves 0.5 Kayn 0.49 Vex 0.56 Ezreal 0.47 Morgana 0.54 0 ,
Aatrox 0.57 Rammus 0.51 Sylas 0.56 Ashe 0.54 Nami 0.54 Pantheon 0.55 Karthus 0.50 Irelia 0.49 Jinx 0.49 Renata Glasc 0.5 0 ,
Fiora 0.52 Viego 0.54 Xerath 0.55 Kai'Sa 0.49 Morgana 0.53 Ornn 0.56 Graves 0.56 Vladimir 0.55 Jinx 0.49 Blitzcrank 0.52 0,
Sett 0.50 Kindred 0.51 Viktor 0.52 Miss Fortune 0.52 Janna 0.54 Jax 0.50 Lillia 0.53 Neeko 0.51 Jinx 0.57 Renata Glasc 0.5 1,
Gangplank 0.57 Kha'Zix 0.72 Pantheon 0.33 Kai'Sa 0.53 Sona 0.58 Aatrox 0.55 Hecarim 0.38 Akshan 0.6 Ziggs 0.5 Karma 0.83 0,
Pantheon 0.56 Talon 0.89 Lissandra 0.36 Ziggs 0.56 Pyke 0.56 Riven 0.54 Viego 0.52 Xerath 1.0 Jhin 0.54 Nautilus 0.43 1,
Gangplank 0.6 Nocturne 0.57 Viktor 0.54 Twitch 0.58 Yuumi 0.52 Gnar 0.4 Graves 0.57 Katarina 0.69 Draven 0.7 Nami 0.7 0,
Irelia 0.0 Graves 0.59 Vel'Koz 0.47 Ezreal 0.5 Ziggs 0.67 Shyvana 1.0 Xin Zhao 0.42 Vladimir 0.6 Vayne 0.29 Senna 0.62 1,
Rengar 0.52 Kayn 0.54 Lissandra 0.0 Zeri 0.31 Nami 0.59 Camille 0.57 Diana 0.6 LeBlanc 0.46 Jhin 0.54 Zilean 0.67 1,
Darius 0.61 Diana 0.6 Akshan 0.56 Jhin 0.54 Soraka 0.7 Sion 0.46 Udyr 0.56 Mordekaiser 0.0 Twitch 0.55 Seraphine 0.5 0,https://na.op.gg/summoners/na/tempmesyfnyiskkw/matches/fBHHhgUQStB3ixuHLUVPvOqAE-IXeQUmZUl7pSGgSCU%3D/1651102937000
Tryndamere 0.58 Diana 0.76 Zed 0.67 Draven 0.33 Leona 0.44 Irelia 0.56 Lillia 0.55 Renekton 0.8 Twitch 0.54 Yuumi 0.51 0,https://na.op.gg/summoners/na/Stepan/matches/fBHHhgUQStAKoqkmzlpEdb-_XiS7AHj4MP19vcpvqnY%3D/1651109330000
Sion 0.56 Shaco 0.55 Vex 0.5 Jhin 0.33 Janna 0.53 Aatrox 0.67 Master Yi 0.51 Kassadin 0.25 Lucian 0.47 Nami 0.86 1,https://na.op.gg/summoners/na/Touch The Box/matches/fBHHhgUQStDPZoE7SzS60-fMezH882ep8OTVKpGAhF8%3D/1651104209000
Jayce 0.53 Master Yi 0.51 Viktor 0.53 Tristana 0.5 Nautilus 0.59 Riven 0.38 Ekko 0.625 Swain 0.52 Twitch 0.68 Yuumi 0.51 1,https://na.op.gg/summoners/na/Dandelion Yi/matches/fBHHhgUQStA2Z3SF_Kl7UrtiE-N-pTc1rnFDRQIm_QQ%3D/1651107978000
Ornn 0.0 Lee Sin 0.5 Sylas 0.39 Jinx 0.57 Karma 0.47 Malphite 0.41 Volibear 0.53 Yasuo 0.58 Aphelios 0.36 Sona 0.54 1,https://na.op.gg/summoners/na/zhong lu dui ju/matches/fBHHhgUQStBYzHJbSbaOb_cuwUxf_j8MZh8t1VyLlao%3D/1650066208000
Rengar 0.53 Udyr 0.56 Singed 0.55 Vayne 0.52 LeBlanc 1.0 Sylas 0.46 Ekko 0.61 Akshan 0.6 Kai'Sa 0.75 Nautilus 0.53 0,https://na.op.gg/summoners/na/stray kiid/matches/fBHHhgUQStCNmlJKXiPTkSD7TLdjw_jWFHLI02YcK6s%3D/1651098582000
Riven 0.71 Zed 0.38 Rumble 0.66 Jinx 0.58 Thresh 0.45 Sett 0.6 Shaco 0.59 LeBlanc 0.51 Seraphine 0.65 Sona 0.5 1,https://na.op.gg/summoners/na/Steam Sale/matches/fBHHhgUQStAlrLqTKqgAIBbp-CA6qZBYrtS6fBd-Bd4%3D/1650592712000
Yasuo 0.5 Rumble 0.54 Kayle 0.59 Twitch 0.53 Renata Glasc 0.69 Riven 0.67 Volibear 0.68 Cassiopeia 0.51 Aphelios 0.46 Zyra 0.0 0,https://na.op.gg/summoners/na/gahttz/matches/fBHHhgUQStAs2HK_-j5BArQqJaDeBNktF8oTLe2XAVQ%3D/1651105400000
Jax 0.56 Diana 0.5 Zed 0.62 Jinx 0.44 Soraka 0.69 Aatrox 0.6 Kindred 0.52 Vex 0.25 Xayah 0.45 Bard 0.56 0 ,https://na.op.gg/summoners/na/coldcoldcoldcold/matches/fBHHhgUQStC7oe_ePO0cgMWrIdUh9RiNUWwuyuFDVQg%3D/1651048783000
Tahm Kench 0.63 Rengar 1.0 Vladimir 0.57 Lucian 0.67 Bard 0.56 Ornn 0.36 Urgot 0.52 Vex 0.61 Aphelios 0.48 Soraka 0.65 0,https://na.op.gg/summoners/na/PLZ AUTO ATTACK/matches/fBHHhgUQStC5fuErgo0Iuf7k1-3P39P1sSvi7TaPHpk%3D/1651090679000
Kled 0.5 Diana 0.78 Yone 0.56 Xerath 0.58 Nami 0.4 Camille 0.42 Shyvana 0.62 Irelia 0.48 Lucian 0.64 Leona 0.67 0,https://na.op.gg/summoners/na/bormeleon/matches/fBHHhgUQStAJYiBXCRiaNi7jo5nJ1VfHtIPvRgz4saw%3D/1651087909000
Riven 0.56 Rek'Sai 0.58 Viktor 0.57 Yasuo 0.6 Karma 0.51 Camille 0.53 Nocturne 0.69 Veigar 0.5 Jhin 0.51 Renata Glasc 0.55 0,https://na.op.gg/summoners/na/i dont like top/matches/fBHHhgUQStBT8Zqfe_utF-QCH6pF7b2edqkGGe9MeK8%3D/1651088448000
Vayne 0.58 Talon 0.56 Akali 0.51 Kai'Sa 0.63 Rakan 0.64 Mordekaiser 0.14 Lee Sin 0.5 Qiyana 0.59 Lucian 0.5 Senna 0.57 0,https://na.op.gg/summoners/na/iikk5/matches/fBHHhgUQStCn5lPU0Eb9UNmDqLfNemmFCrHDzdQVn8A%3D/1651109379000
Wukong 0.38 Ekko 0.7 Zed 0.62 Kai'Sa 0.63 Thresh 0.53 Camille 0.0 Kha'Zix 0.57 Vladimir 0.56 Ezreal 0.7 Yuumi 0.51 0,https://na.op.gg/summoners/na/Chaos Return/matches/fBHHhgUQStCKLj-heaNVD5Tq_XlXq-w-BQ_RWD7qnTE%3D/1651115193000
Tryndamere 0.54 Karthus 1.0 Vladimir 0.56 Ezreal 0.46 Janna 0.62 Renekton 0.62 Zac 0.0 Swain 0.5 Jhin 0.42 Lux 0.5 0 ,https://na.op.gg/summoners/na/ARocking/matches/fBHHhgUQStBR3jQa-dK_PHpNd7Qg-YDZitZJS8_RiWk%3D/1651117538000
Jax 0.55 Graves 0.64 Annie 0.8 Draven 0.52 Janna 0.54 Volibear 0.57 Kha'Zix 1.0 Yasuo 0.57 Miss Fortune 0.5 Zyra 0.5 1,https://na.op.gg/summoners/na/Puertorican Gap/matches/fBHHhgUQStBKTElfEuAt5bcy7U8bKW0UAa5JGAT_rL8%3D/1651139043000
Gwen 1.0 Kayn 0.59 Fizz 0.57 Zeri 0.61 Shaco 0.57 Ornn 0.41 Taric 0.5 Galio 1.0 Jinx 0.54 Thresh 0.46 0 ,https://na.op.gg/summoners/na/Sea Dragon/matches/fBHHhgUQStA4wg808W4YfrJZW2HVOm0AXWMiob74Tig%3D/1651105650000
Fiora 0.69 Graves 0.44 Viktor 0.69 Kog'Maw 0.86 Lulu 0.75 Riven 0.54 Taric 0.5 Kayle 0.6 Jinx 0.64 Renata Glasc 0.69 0,https://na.op.gg/summoners/na/Somä/matches/fBHHhgUQStDNE0SNDQQWk42q4kumceWlMh2rZM3QxuU%3D/1651111181000
Dr. Mundo 0.55 Viego 0.5 Kassadin 0.67 Jhin 0.58 Pyke 0.7 LeBlanc 0.0 Talon 0.57 Zoe 0.4 Xayah 0.5 Zyra 0.51 0,https://na.op.gg/summoners/na/030318190404/matches/fBHHhgUQStDL36LwVyTfbwD7sm0uXfHmMebFF9wZH7s%3D/1650994656000
Heimerdinger 0.5 Taric 0.5 Lissandra 0.5 Ashe 0.5 Blitzcrank 0.64 Urgot 0.53 Diana 0.55 Zoe 0.53 Tristana 0.43 Braum 0.33 1,https://na.op.gg/summoners/na/lightrocket2/matches/fBHHhgUQStC6pIh58HZJvpycXhkQShg16iGnRIOz6pM%3D/1651116335000
Gangplank 0.57 Graves 0.62 Akali 0.54 Tristana 1.0 Lulu 0.57 Mordekaiser 0.56 Kindred 0.53 Yone 0.33 Samira 0.5 Nami 0.42 0,https://na.op.gg/summoners/na/SteelCityWarrior/matches/fBHHhgUQStBnZ3oN7vVKNlcefE3CSsYL_PHrRIx44Jk%3D/1651116028000
Akshan 0.56 Shyvana 0.55 Qiyana 0.59 Tahm Kench 0.6 Senna 1.0 Yone 0.51 Kayn 0.53 Sylas 0.47 Ezreal 0.23 Rakan 0.39 0,https://na.op.gg/summoners/na/Idare/matches/fBHHhgUQStD4-01FnCgGeflfhb9pQhxSdv9sG0Z793I%3D/1651084766000
Shen 0.56 Diana 0.75 Yasuo 0.53 Ezreal 0.5 Yuumi 0.62 Graves 0.5 Lee Sin 0.53 Karma 0.25 Lucian 0.64 Nami 0.44 0,https://na.op.gg/summoners/na/Boosinger/matches/fBHHhgUQStCXFodh_0exf2pdlbtRBScVFVevGNsPbjw%3D/1651114291000
Fiora 0.52 Zac 0.33 Ahri 0.46 Jinx 0.53 Janna 0.5 Pantheon 0.59 Kindred 0.73 Vex 0.7 Lucian 0.56 Nautilus 0.51 0,https://na.op.gg/summoners/na/TTV BrennenWolf/matches/fBHHhgUQStBdrgAmIxyP3rXLmrObiOfmyCrwQOYOws4%3D/1651128749000
Shen 0.52 Ekko 0.43 Twisted Fate 0.65 Samira 0.64 Blitzcrank 0.58 Mordekaiser 0.0 Ivern 0.51 Quinn 0.6 Ezreal 0.4 Pyke 0.56 0 ,https://na.op.gg/summoners/na/htag/matches/fBHHhgUQStDRkQBbKtmG4noGAzcYra61NeA8cSlFS6s%3D/1651136416000
Sett 0.54 Sejuani 0.0 Ekko 0.5 Draven 0.58 Janna 0.53 Aatrox 0.41 Nidalee 0.51 Syndra 0.0 Kai'Sa 0.53 Nautilus 0.53 0,https://na.op.gg/summoners/na/Love and Lies/matches/fBHHhgUQStD0SzTl-8nSAk3G8EoEWD8U33GeY9YSx-0%3D/1651108327000
Wukong 0.56 Kha'Zix 0.63 LeBlanc 0.69 Lucian 0.67 Renata Glasc 1.0 Jax 0.53 Lee Sin 0.55 Vladimir 0.86 Jhin 0.45 Janna 0.58 0,https://na.op.gg/summoners/na/00115/matches/fBHHhgUQStB0KH4lZs8AFJpHSWsF-1vqclmeRYvwv_8%3D/1651154223000
Aatrox 1.0 Rek'Sai 0.63 Vex 0.61 Jhin 0.62 Renata Glasc 0.59 Jax 0.56 Graves 0.29 Zoe 0.65 Caitlyn 0.2 Lux 0.5 0,https://na.op.gg/summoners/na/Boss Lady Glasc/matches/fBHHhgUQStAp3v_LMBbaAzSrF8XOse7flWgnuIqoR_4%3D/1651149249000
Jax 0.0 Shyvana 0.67 Talon 0.53 Lucian 0.31 Rakan 0.5 Gangplank 0.46 Kha'Zix 0.64 Twisted Fate 0.53 Karthus 0.67 Leona 0.67 1,https://na.op.gg/summoners/na/Kyo Tokisaki/matches/fBHHhgUQStACwJ0jEoLeF5iIQOpW9EtLttTW-UjSPBM%3D/1650831195000
Jax 0.55 Karthus 0.47 Nasus 0.6 Jhin 0.53 Leona 0.67 Galio 0.5 Kindred 0.52 Pantheon 0.53 Ezreal 0.45 Tahm Kench 0.6 0 ,https://na.op.gg/summoners/na/Z4A0/matches/fBHHhgUQStAFSl-QdvExhDoYgsndxpK5Wh4GZRaJBQw%3D/1651128287000
Aatrox 0.0 Ivern 0.51 Qiyana 0.0 Caitlyn 0.0 Syndra 0.33 Sion 1.0 Mordekaiser 1.0 Sylas 1.0 Miss Fortune 0.56 Vel'Koz 0.5 1,https://na.op.gg/summoners/na/Doojeeboy/matches/fBHHhgUQStAWpXTC1xJUj_qB4Fdz8DxQDTgHubvFLg8%3D/1651123925000
Garen 0.48 Poppy 0.31 Zoe 0.53 Ezreal 0.46 Nami 0.5 Gnar 0.78 Shyvana 0.69 Lissandra 0.48 Vayne 0.47 Lulu 0.43 1,https://na.op.gg/summoners/na/excz/matches/fBHHhgUQStARQ7mOLW8htpfPUuFvlZB-xBwW80wCyC8%3D/1651125666000
Kled 0.53 Kha'Zix 0.53 Syndra 0.0 Samira 0.55 Thresh 0.33 Malphite 0.64 Singed 0.53 Tristana 0.36 Jhin 0.53 Karma 0.5 1,https://na.op.gg/summoners/na/38th Parallel/matches/fBHHhgUQStDgFZsK8Ya4jsK5DNVz9QuHAbquOLrKcAY%3D/1649134495000
Urgot 0.52 Zed 0.59 Ryze 0.5 Tristana 0.57 Leona 0.49 Aatrox 0.5 Lillia 0.67 Zoe 0.63 Samira 0.6 Nautilus 0.55 1,https://na.op.gg/summoners/na/NoOneHadThisName/matches/fBHHhgUQStApgn6NavM__kLKlONm5H0szgGQm81-fsE%3D/1651096704000
Darius 0.5 Kha'Zix 0.63 Twisted Fate 0.58 Draven 0.58 Xerath 0.8 Sion 0.33 Lillia 0.25 Annie 0.6 Miss Fortune 0.0 Lulu 0.5 0,https://na.op.gg/summoners/na/vvbb fan boi/matches/fBHHhgUQStBaQq9fWUm12WvCq9RjTksuTOlcBJa-Vs4%3D/1651103992000
Graves 0.52 Zed 0.44 Rumble 0.69 Jinx 0.64 Blitzcrank 0.6 Skarner 0.49 Kindred 0.64 Twisted Fate 0.58 Samira 0.58 Nautilus 0.6 1,https://na.op.gg/summoners/na/ShleepyHead/matches/fBHHhgUQStAbf4F9qdgSetoqUs4aqYs6oqs4GaD2a9w%3D/1650992526000
Camille 0.51 Jarvan IV 0.45 Galio 0.54 Jinx 0.52 Renata Glasc 0.5 Renekton 0.55 Graves 0.56 Seraphine 0.6 Vayne 0.5 Janna 0.64 0 ,https://na.op.gg/summoners/na/xinyuebaobel/matches/fBHHhgUQStBohnCKpDYZXUJZvPcv4OjxB6vxKaQvyUg%3D/1651164620000
Wukong 0.78 Zed 0.53 Graves 0.72 Veigar 0.69 Zilean 0.45 Olaf 0.51 Evelynn 0.58 Qiyana 0.59 Ezreal 0.0 Shaco 0.0 0,https://na.op.gg/summoners/na/Ahjistair/matches/fBHHhgUQStAJlmajkELLAEnCsbxi1nVtnJT1cgVwNVw%3D/1650928288000
Dr. Mundo 0.55 Zed 0.53 Lux 0.4 Jinx 0.51 Morgana 0.5 Aatrox 0.75 Kayn 0.67 Zoe 0.58 Xayah 0.56 Karma 0.47 1,https://na.op.gg/summoners/na/Murillo Sama/matches/fBHHhgUQStA90XTuIfT-wEbh4AhYQujGjTwoeoAKjQo%3D/1650931081000
Kayle 0.5 Diana 0.75 Irelia 0.5 Jinx 0.69 Bard 0.55 Gangplank 0.55 Udyr 0.7 Veigar 0.64 Lucian 0.63 Yuumi 0.6 0,https://na.op.gg/summoners/na/3uphoria/matches/fBHHhgUQStBl6UJENtO7P9HkvrukWSZS_kfZswrzPTc%3D/1650934476000
Darius 0.45 Volibear 0.53 Sylas 0.74 Samira 0.67 Alistar 0.69 Gangplank 0.54 Evelynn 0.57 Ivern 0.52 Xayah 0.25 Leona 0.45 0,https://na.op.gg/summoners/na/Simiy15/matches/fBHHhgUQStAs_5848ASpVWElGZQXMduOjG0Y6zx4aH4%3D/1650396562000
Shyvana 0.4 Ivern 0.52 LeBlanc 0.0 Caitlyn 0.46 Nautilus 0.54 Jax 0.85 Kha'Zix 0.63 Sylas 0.6 Jinx 0.59 Heimerdinger 0.51 1,https://na.op.gg/summoners/na/i ivern for you/matches/fBHHhgUQStBDZ6Wuv2mvnfkE438zbS6tMowWqJoAfU4%3D/1650870386000
Camille 0.51 Viego 0.51 Galio 0.54 Ezreal 0.54 Janna 0.53 Darius 0.54 Poppy 0.47 Yone 0.5 Samira 0.47 Leona 0.56 1,https://na.op.gg/summoners/na/Mínju/matches/fBHHhgUQStBnvkxZVUxbNRzj2kRacQHvC8vpXVDjTTo%3D/1651071268000
Teemo 0.57 Graves 0.3 Irelia 0.49 Xayah 0.58 Rakan 0.33 Sion 0.49 Kayn 0.58 Ahri 0.55 Twitch 0.56 Lulu 0.5 1 ,https://na.op.gg/summoners/na/Pomeroy/matches/fBHHhgUQStBhkJAA2kWzsRL0xEQBjV7up5Y-L04mWgY%3D/1651093068000
Ornn 0.6 Viego 0.0 Swain 0.0 Lucian 0.67 Nami 0.57 Cho'Gath 0.67 Shaco 0.52 Azir 0.55 Samira 0.5 Blitzcrank 0.5 1,https://na.op.gg/summoners/na/AlbionOnlinePro/matches/fBHHhgUQStAthDC_RiDObaPpgSfR8HZIQYdRHDrFMpA%3D/1651113981000
Kog'Maw 0.4 Viego 0.74 Yone 0.45 Ziggs 0.0 Karma 0.51 Poppy 0.59 Wukong 0.75 Viktor 0.68 Draven 0.56 Nautilus 0.5 1,https://na.op.gg/summoners/na/MACACO/matches/fBHHhgUQStBugVeOShLHhZIhghNIaOmbIWBiogZBSd8%3D/1651165612000
Irelia 0.55 Jarvan IV 0.4 Nasus 0.55 Kalista 1.0 Braum 0.55 Poppy 0.59 Rengar 0.57 Sion 0.54 Ezreal 0.5 Thresh 0.53 1,https://na.op.gg/summoners/na/MACACO/matches/fBHHhgUQStBAiSVWbKtit-XxtxAz_ZZjv1iqp9yZKCo%3D/1651162344000
Teemo 0.57 Warwick 0.61 Vladimir 0.5 Jhin 0.64 Nautilus 0.57 Ornn 0.5 Elise 0.78 Zed 0.58 Ezreal 0.54 Heimerdinger 0.56 1,https://na.op.gg/summoners/na/Teemo48/matches/fBHHhgUQStDALn6arYOAoN8bLMPcEnrbe7w9y9cjCd0%3D/1651073570000
Wukong 0.54 Lee Sin 0.51 Shyvana 0.55 Miss Fortune 0.5 Nautilus 0.53 Urgot 0.53 Taric 0.5 Vex 1.0 Twitch 0.6 Rakan 0.5 1,https://na.op.gg/summoners/na/Lenti/matches/fBHHhgUQStBSlKITVI7kZoxqvFoJX--jO7fgPYbsGVw%3D/1651113502000
Sion 0.56 Nidalee 0.47 Cassiopeia 0.64 Kai'Sa 0.56 Nautilus 0.4 Cho'Gath 0.6 Graves 0.51 Yasuo 0.55 Karthus 0.7 Yuumi 0.6 1,https://na.op.gg/summoners/na/Uzurper/matches/fBHHhgUQStB4M4NNjG2bVwXTcw2s9DRm-A2u0fmM8S4%3D/1650932234000
Ornn 0.0 Shaco 0.54 Yasuo 0.55 Kai'Sa 0.75 Ashe 0.43 Kayle 1.0 Zed 0.36 Veigar 0.52 Lucian 0.5 Bard 1.0 1,https://na.op.gg/summoners/na/Apex LastBlade/matches/fBHHhgUQStDyOs9liudEAgeAZbiBna0H-498OXez8I0%3D/1651140297000
Fiora 0.58 Nidalee 0.5 Zed 0.55 Kai'Sa 0.62 Trundle 0.56 Camille 0.57 Lee Sin 0.48 Irelia 0.57 Seraphine 0.64 Xerath 0.55 0,https://na.op.gg/summoners/na/F8 Tributo/matches/fBHHhgUQStC984VO0nhtR1tKl2a3TXNn5urr-iwUuiA%3D/1650999007000
Dr. Mundo 0.58 Kayn 0.58 Viktor 0.57 Draven 0.54 Pyke 0.53 Volibear 0.58 Lee Sin 0.36 Karma 0.48 Xayah 0.51 Blitzcrank 0.35 0,https://na.op.gg/summoners/na/Jerrel/matches/fBHHhgUQStAfK8UN0PUr8Fskj0ntkLJeV819uJK9SUo%3D/1650515316000
Tryndamere 0.53 Graves 0.64 LeBlanc 0.63 Caitlyn 0.54 Morgana 0.58 Wukong 0.52 Ivern 0.57 Ahri 0.56 Draven 0.6 Pyke 0.57 0,https://na.op.gg/summoners/na/Neøø/matches/fBHHhgUQStADwh98354JYL1zPO3Cz2a4aJ7KXJ8a1LE%3D/1651107637000
Riven 0.86 Viego 0.62 Lillia 0.54 Jinx 0.59 Thresh 0.46 Camille 0.48 Ekko 0.6 Viktor 0.0 Lucian 0.5 Pyke 0.57 0,https://na.op.gg/summoners/na/SkiTzee/matches/fBHHhgUQStAd0xbti2NzOsa21f2s6RUqQti-Hs7lwvY%3D/1651133473000
Nasus 0.4 Graves 0.59 Fizz 0.52 Draven 0.54 Corki 0.0 Viktor 0.63 Rek'Sai 0.64 Zed 0.38 Samira 0.66 Rakan 0.1 1,https://na.op.gg/summoners/na/SkiTzee/matches/fBHHhgUQStBYVW9zoYKm6HJsPgRxGp9gUaHF3C8qOPo%3D/1648344425000
Kennen 0.53 Udyr 0.7 Ahri 0.73 Jinx 0.67 Soraka 0.43 Nasus 0.4 Graves 0.31 Viktor 0.0 Karthus 0.58 Nautilus 0.6 0,https://na.op.gg/summoners/na/Fąng/matches/fBHHhgUQStCCJV8XVZIs1TTxR00FQRruUsp7sibKbmU%3D/1651029254000
Sett 0.5 Taliyah 0.55 Kennen 0.53 Seraphine 0.62 Ashe 0.51 Riven 0.54 Zac 0.55 Darius 0.57 Zeri 0.56 Karma 0.36 1,https://na.op.gg/summoners/na/Fiction/matches/fBHHhgUQStCy3WNiMYjukCRuNEl_w6TstUJlQwrGLVc%3D/1649119001000
Teemo 0.5 Viego 0.49 Fizz 0.51 Twitch 0.45 Lulu 0.0 Darius 0.54 Master Yi 0.53 Ekko 0.75 Jinx 0.57 Soraka 0.25 1,https://na.op.gg/summoners/na/Fiction/matches/fBHHhgUQStAuuliJQz3qoStzd5A2raUdHQKblC_0HWo%3D/1650003559000
Jax 0.55 Kha'Zix 0.56 Syndra 0.67 Twitch 0.45 Blitzcrank 0.64 Darius 0.5 Elise 0.57 Vex 0.69 Xayah 0.7 Senna 0.83 1,https://na.op.gg/summoners/na/Fiction/matches/fBHHhgUQStCCu-xpKz_tuOVxrDSwmdOWiWng2a_qRKY%3D/1650354966000
Teemo 0.52 Viego 0.44 Kassadin 0.48 Jhin 0.56 Pyke 0.0 Riven 0.61 Rengar 0.5 Rumble 0.56 Vex 0.4 Soraka 0.56 1,https://na.op.gg/summoners/na/never look back/matches/fBHHhgUQStBzClUPISOyaeDSgQUmMCJEo4djQT4mv8g%3D/1649722116000
Kayle 0.4 Lee Sin 0.5 Vladimir 0.53 Jhin 0.61 Nautilus 0.54 Vayne 0.55 Rek'Sai 0.63 Sylas 0.59 Caitlyn 0.9 Thresh 0.44 1,https://na.op.gg/summoners/na/Delllarth/matches/fBHHhgUQStB8uty2bKkMNZU4Nixph-DPIRqDmS8-pXQ%3D/1649719476000
Akshan 0.61 Karthus 0.56 Seraphine 0.52 Aphelios 0.55 Lulu 0.5 Kalista 1.0 Lee Sin 0.57 Zoe 0.58 Kai'Sa 0.52 Bard 0.61 1,https://na.op.gg/summoners/na/TTV Insightfulv/matches/fBHHhgUQStCuIrUnn5Q1TljkSPOgRsIHfVLJxW6HfCs%3D/1646941239000
Nidalee 0.53 Shyvana 0.63 Zed 0.33 Twitch 0.63 Lulu 0.0 Sion 0.57 Hecarim 0.55 Cassiopeia 0.64 Jinx 0.61 Janna 0.52 1 ,https://na.op.gg/summoners/na/Pomeroy/matches/fBHHhgUQStCWw4UH98vN891lCG5Y25DlIOsT3l5ANz4%3D/1649977728000
Fiora 0.6 Karthus 0.47 Vex 0.5 Lucian 1.0 Senna 0.62 Camille 0.55 Sylas 0.71 Graves 0.51 Zeri 0.68 Karma 0.48 0,https://na.op.gg/summoners/na/I am D4/matches/fBHHhgUQStBHfkm6_6iH5OESC-XIFrgugASRp6kR-rI%3D/1651230591000
Cassiopeia 0.52 Hecarim 0.61 Lucian 0.5 Ezreal 0.54 Morgana 0.42 Rengar 0.65 Lillia 0.55 Nasus 0.66 Ziggs 1.0 Yuumi 1.0 1 ,https://na.op.gg/summoners/na/Iced Venti/matches/fBHHhgUQStBPYfTc14G3lGbn8pbqgCU20ph6c126yhQ%3D/1651228139000
Rengar 0.56 Rek'Sai 0.73 Kassadin 0.62 Samira 0.74 Nami 0.62 Aatrox 1.0 Viego 0.51 Heimerdinger 0.57 Xayah 0.4 Karma 0.54 1,https://na.op.gg/summoners/na/Khonshu999/matches/fBHHhgUQStAjt5RYgcDh3sUWmucipclod8oprlWf5pI%3D/1651251801000
Camille 0.0 Kha'Zix 0.2 Sylas 0.0 Kai'Sa 0.68 Renata Glasc 0.17 Darius 0.78 Taric 0.5 Talon 0.67 Ezreal 0.75 Karma 0.52 1,https://na.op.gg/summoners/na/ªrdibºi/matches/fBHHhgUQStDJncN-4uFV1kghCmUXVDhy5ytoGjuB1fo%3D/1651096681000
Cho'Gath 0.5 Ekko 0.31 Garen 0.53 Samira 0.0 Nautilus 0.54 Gangplank 0.67 Kha'Zix 0.55 Ahri 0.59 Kai'Sa 0.75 Alistar 0.5 1,https://na.op.gg/summoners/na/Special Kay/matches/fBHHhgUQStBbhuXW75tp1VCX5_1RzGVQKRaiq2H-i1g%3D/1651092709000
Tryndamere 0.67 Ekko 0.31 Vex 0.33 Jhin 0.49 Bard 0.32 Gragas 0.55 Graves 0.63 Akshan 0.72 Ezreal 0.53 Renata Glasc 0.65 1,https://na.op.gg/summoners/na/8 Pack Olaf/matches/fBHHhgUQStBbxUkwhGgxhjt70VIB9cosZgL7SNGBMlg%3D/1651096699000
Irelia 0.54 Rengar 0.55 Zoe 0.5 Ezreal 0.6 Leona 0.64 Warwick 0.17 Taric 0.5 Sylas 0.4 Tristana 0.49 Blitzcrank 0.38 0,https://na.op.gg/summoners/na/UPINTHEVERSE/matches/fBHHhgUQStBv9X1wksm2d_D5m3UZJcjlkL-PrXMR1Bk%3D/1651014601000
Swain 0.38 Elise 0.59 Pantheon 0.59 Miss Fortune 0.51 Senna 0.53 Volibear 0.67 Ivern 0.54 Kassadin 0.46 Twitch 0.53 Alistar 1.0 1,https://na.op.gg/summoners/na/DHH MS ECE/matches/fBHHhgUQStDKElmzEB33iNDp-SUZ-26zOIpLxKjVI74%3D/1651220545000
Riven 0.52 Evelynn 0.67 Lissandra 0.52 Tristana 0.76 Lulu 0.53 Qiyana 0.46 Nocturne 0.51 Heimerdinger 0.51 Jinx 0.63 Blitzcrank 0.6 0,https://na.op.gg/summoners/na/Xue Ren Er/matches/fBHHhgUQStChC3c54Kx9LNDKSYf-dQiIQjRVsxBnOf4%3D/1650364111000
Darius 0.78 Ekko 0.47 Zed 0.57 Jhin 0.0 Soraka 0.55 Jax 0.52 Rengar 1.0 Sylas 0.33 Draven 0.69 Nautilus 0.59 1,https://na.op.gg/summoners/na/kevinnguyensocal/matches/fBHHhgUQStA2-KZKaYL2BkGkC0vE8lAqwo4DV2V9egY%3D/1651168218000
Mordekaiser 0.58 Kha'Zix 0.75 Swain 0.57 Irelia 0.33 Senna 0.5 Gangplank 0.67 Zed 0.25 Ahri 0.75 Xayah 0.67 Sona 0.71 0,https://na.op.gg/summoners/na/DID NAUT FINISH/matches/fBHHhgUQStAfxDHTStb5oxxUd9LTqbv9Opjt1ZGQo5g%3D/1651171515000
Sion 1.0 Rek'Sai 0.73 Sylas 0.59 Tristana 0.8 Soraka 0.68 Yone 0.3 Nocturne 0.67 Katarina 0.4 Ezreal 0.58 Nautilus 0.47 0,https://na.op.gg/summoners/na/bormeleon/matches/fBHHhgUQStDvKx7tSol_EDzp3tPoG0g7xs-9wEWe6fw%3D/1651256477000
Malphite 1.0 Karthus 0.68 Talon 0.67 Jhin 0.31 Nautilus 0.68 Fiora 0.48 Diana 0.51 Veigar 1.0 Twitch 0.59 Thresh 0.59 1,https://na.op.gg/summoners/na/lamour de ma vié/matches/fBHHhgUQStB61lKjTSf3nqcD0KjgTxtuoDJ0WRJAyDI%3D/1651202287000
Aatrox 0.5 Qiyana 0.58 Zoe 0.67 Twitch 0.58 Rell 0.63 Gangplank 0.54 Nocturne 0.67 Ahri 0.59 Jhin 0.43 Rakan 0.2 0,https://na.op.gg/summoners/na/guaxinim/matches/fBHHhgUQStCOi6gsRv2hoOFCxFmkzSUwcZ6ULi4aQas%3D/1651190384000
Akali 0.57 Graves 0.25 Karthus 0.71 Samira 0.32 Nautilus 0.71 Irelia 0.54 Viego 0.61 Kassadin 0.46 Vayne 0.53 Pyke 0.56 0,https://na.op.gg/summoners/na/JMS/matches/fBHHhgUQStAxMjsM9eiZNGkf_fdB5AveocTSQOWzWPQ%3D/1650112337000
Darius 0.67 Hecarim 0.0 Talon 0.52 Vel'Koz 0.5 Poppy 0.5 Jax 0.54 Shyvana 0.74 Veigar 0.57 Ezreal 0.54 Rakan 0.63 1,https://na.op.gg/summoners/na/Veiga/matches/fBHHhgUQStCxTrWPzNTuz6L4np9ZEG57XEW9-mqzG60%3D/1651258486000
Gwen 0.43 Qiyana 0.83 Yasuo 0.57 Samira 0.78 Nautilus 0.88 Tryndamere 0.0 Talon 0.5 Veigar 0.52 Seraphine 0.61 Pantheon 0.44 0,https://na.op.gg/summoners/na/Solítary/matches/fBHHhgUQStCUOfSfN5ifNte7ZdmJqJkz8dt7C2Yl7Uo%3D/1651143233000
Volibear 0.61 Kha'Zix 1.0 Yasuo 0.57 Miss Fortune 0.5 Zyra 0.51 Jax 0.58 Graves 0.61 Annie 0.8 Draven 0.56 Janna 0.54 0,https://na.op.gg/summoners/na/Prestıge/matches/fBHHhgUQStBKTElfEuAt5bcy7U8bKW0UAa5JGAT_rL8%3D/1651139043000
Viego 0.49 Karthus 0.47 Pantheon 0.5 Xayah 1.0 Pyke 0.5 Jax 0.5 Shaco 0.54 Katarina 0.51 Jinx 0.33 Lux 0.58 1,https://na.op.gg/summoners/na/I am D4/matches/fBHHhgUQStAvCBml-HCH5gFDhNcLUkp5-eOKI2eX7SY%3D/1651223957000
Aatrox 0.56 Graves 0.52 Azir 0.30 Vayne 0.52 Renata Glasc 0.60 Kennen 0.48 Kayn 0.53 Yasuo 0.67 Lucian 0.68 Lulu 0.47 0,https://na.op.gg/summoners/na/pomeroy/matches/fBHHhgUQStCbFcVt6ahVHW769dJyXJwawZ2ajjQ5llo%3D/1651266700000
Shen 0.55 Shyvana 0.57 Lucian 0.5 Tristana 0.5 Yuumi 0.55 Neeko 0.57 Talon 1.0 Fizz 0.47 Ezreal 0.57 Soraka 0.75 1,https://na.op.gg/summoners/na/Umaru Doma/matches/fBHHhgUQStAyrz8u6CNatXtM_ffTQuNpmIxloxoylmk%3D/1651501795000
Aatrox 0.63 Kha'Zix 0.6 Akshan 0.57 Ziggs 0.67 Lulu 0.47 Ornn 0.48 Rek'Sai 0.2 Ekko 0.0 Samira 0.59 Thresh 0.44 0 ,https://na.op.gg/summoners/na/Dongeritis/matches/fBHHhgUQStB0SFFzl-SScrC4TDiPDZvVqtAC8NpofR0%3D/1651515966000
Graves 0.57 Kayn 0.75 Kassadin 0.68 Jinx 0.57 Lulu 0.51 Aatrox 0.49 Viego 0.4 Wukong 0.51 Swain 0.5 Karma 0.49 0,https://na.op.gg/summoners/na/ADC SEASON 10/matches/fBHHhgUQStAc0aO6xPYNI0r1JEFyxIbh1x5DTGRq-cE%3D/1651514100000
Jax 0.48 Shaco 0.52 LeBlanc 0.59 Ezreal 0.52 Nami 0.52 Aatrox 0.6 Kha'Zix 0.53 Fizz 0.33 Jhin 0.57 Karma 0.51 1,https://na.op.gg/summoners/na/SmoothBrainSupp/matches/fBHHhgUQStBd1ckjeMZdTFduJpM63nGhGYGy2wxPTRQ%3D/1651437781000
Irelia 0.55 Volibear 0.49 Vladimir 0.71 Zeri 0.0 Alistar 0.33 Kled 0.53 Talon 1.0 Cassiopeia 0.59 Kalista 0.75 Nautilus 0.55 1,https://na.op.gg/summoners/na/Onier99/matches/fBHHhgUQStAR5WjJdToI8mwBUUasiQBxVFV85Kca5Ms%3D/1651435710000
Urgot 0.75 Sejuani 0.5 Mordekaiser 0.49 Kai'Sa 0.55 Karma 0.48 Kennen 0.51 Trundle 0.7 Yasuo 0.5 Miss Fortune 0.5 Zilean 0.49 1 ,https://na.op.gg/summoners/na/Heroux4/matches/fBHHhgUQStCjXFdPC5xmPVPScwYOhgcSG1v1KrsZpj8%3D/1651355366000
Mordekaiser 0.5 Trundle 0.29 Swain 0.38 Ezreal 0.4 Sona 0.4 Kled 0.54 Kindred 0.8 Kassadin 0.58 Vayne 0.5 Soraka 0.5 1,https://na.op.gg/summoners/na/Swagnar/matches/fBHHhgUQStBFvdF_CJPHmVN5JHXZlPFVw4xyIN9PfiU%3D/1651379021000
Garen 0.54 Kha'Zix 0.59 Fizz 0.60 Caitlyn 0.52 Zilean 0.49 Kled 0.48 Shaco 0.43 Katarina 0.33 Lucian 0.32 Galio 0.5 0 ,https://na.op.gg/summoners/na/Swagnar/matches/fBHHhgUQStCjZQEvJoHFLywROPo4J9hy1gZbfIww4MA%3D/1651547202000
Mordekaiser 0.46 Graves 0.55 Zoe 0.56 Jinx 0.50 Yuumi 0.49 Swain 0.6 Kha'Zix 0.77 Gangplank 0.5 Lucian 0.51 Blitzcrank 0.54 1 ,https://na.op.gg/summoners/na/compIiment/matches/fBHHhgUQStCeEkxzEJGJZKkEYaLnYNFsQWqrnokdrQA%3D/1651602260000
Mordekaiser 0.55 Graves 0.58 Irelia 0.5 Xayah 0.69 Swain 0.6 Sett 0.5 Zac 0.43 Tryndamere 0.5 Ashe 0.53 Blitzcrank 0.51 0 ,https://na.op.gg/summoners/na/TWITCHTVtheyegah/matches/fBHHhgUQStD-ZN6RBTpG0aoUEMRYf9fMWqwAbldOKeI%3D/1651613047000
Darius 0.38 Graves 0.55 Qiyana 0.69 Ezreal 0.56 Karma 0.59 Vayne 0.5 Talon 0.36 Katarina 0.43 Kai'Sa 0.53 Xerath 0.56 1,https://na.op.gg/summoners/na/Autolykus/matches/fBHHhgUQStD1xdJ0v30O9aOIrGXHFyHo1EyPJul8pAk%3D/1651617325000
Warwick 0.6 Hecarim 0.5 Qiyana 0.48 Jinx 0.33 Xerath 0.5 Jayce 0.68 Graves 0.54 Viktor 0.62 Sylas 0.59 Sona 0.52 1 ,https://na.op.gg/summoners/na/Brainless top/matches/fBHHhgUQStCrMFG2nUV_HGC6ruaaNL3zBrbrAbFQJjQ%3D/1651508262000
Sett 0.49 Rengar 0.59 Katarina 0.5 Miss Fortune 0.51 Pyke 0.31 Fiora 0.52 Viego 0.63 Veigar 0.59 Draven 0.66 Morgana 0.55 1 ,https://na.op.gg/summoners/na/reAnchored/matches/fBHHhgUQStASjzGMp1LBshADHdhYeFUeSsafUvRnxyw%3D/1651609779000
Shen 0.5 Kha'Zix 0.49 Lissandra 0.3 Caitlyn 0.43 Neeko 0.53 Sion 0.62 Talon 0.53 Zed 0.56 Kai'Sa 0.55 Brand 0.5 1,https://na.op.gg/summoners/na/Blueyoshi6/matches/fBHHhgUQStCXiPJ6DcyHhCFU5FEeThenflNQwH0tY-4%3D/1651513924000
Sion 0.52 Diana 0.59 Yasuo 0.47 Tristana 0.67 Nami 0.53 Wukong 0.42 Zed 0.5 Lissandra 0.48 Kai'Sa 0.42 Soraka 0.6 0,https://na.op.gg/summoners/na/Profession/matches/fBHHhgUQStD3qYypeGbIJZDeUevzuzMHmOg1ttnfZ1Y%3D/1651561407000
Riven 0.52 Karthus 0.58 Zed 0.55 Vayne 0.42 Karma 0.48 Darius 0.63 Graves 0.58 Lucian 0.53 Jinx 0.67 Lulu 0.54 1,https://na.op.gg/summoners/na/Profession/matches/fBHHhgUQStAKQZrUwLUXfmUEPN2qeK8kLYCezXE2Agw%3D/1651523471000
Darius 0.52 Graves 0.72 Katarina 0.58 Kalista 0.62 Thresh 0.55 Fiora 0.5 Diana 0.43 Sett 0.57 Ziggs 0.64 Senna 0.45 0,https://na.op.gg/summoners/na/TLF/matches/fBHHhgUQStApSz32casJ4O4N5lojrmu30lLZjoYN0RU%3D/1651530317000
Yone 0.63 Lillia 0.83 Zoe 0.44 Ezreal 0.52 Renata Glasc 0.59 Sion 0.52 Kayn 0.54 Viktor 0.62 Jhin 0.5 Xerath 0.55 0 ,https://na.op.gg/summoners/na/BAEKJUNGKING/matches/fBHHhgUQStCuOKDxHitJcNBC2RRFjImApOEshrlAI4g%3D/1651620982000
Ornn 0.53 Volibear 0.67 Yasuo 0.52 Aphelios 0.56 Karma 0.62 Shen 0.55 Rammus 0.52 Graves 0.59 Ashe 0.51 Renata Glasc 0.42 1,https://na.op.gg/summoners/na/Luciferians/matches/fBHHhgUQStBLxPYolHTSoZ2h02Dtot7tV2Kn1cUqxCM%3D/1651619033000
Wukong 0.53 Rammus 0.57 Akali 0.58 Ezreal 0.55 Xerath 0.59 Yasuo 0.45 Diana 0.56 Kayle 0.5 Miss Fortune 0.59 Renata Glasc 0.44 0 ,https://na.op.gg/summoners/na/RAMbo10/matches/fBHHhgUQStAqa-IVWMcdH_Rckg9wHUu6TMvLpJzf4Yc%3D/1651544660000
Aatrox 0.44 Vi 0.45 Qiyana 0.48 Ezreal 0.55 Senna 0.42 Gangplank 0.73 Diana 0.59 Katarina 0.62 Samira 0.54 Renata Glasc 0.49 1,https://na.op.gg/summoners/na/DDOSS/matches/fBHHhgUQStBdqgRA_UElotRohCNEKG_UvDyRu0Mv7ok%3D/1651521045000
Kayle 0.53 Viego 0.67 Annie 0.61 Jhin 0.0 Nami 0.74 Garen 0.58 Graves 0.61 Veigar 0.71 Samira 0.64 Rakan 0.33 1,https://na.op.gg/summoners/na/Sanchovies/matches/fBHHhgUQStAC8877CHBURE7X6VMEA_4kY1Ehf7n0IiA%3D/1651631205000
Camille 0.51 Lee Sin 0.54 Veigar 0.71 Kai'Sa 0.5 Blitzcrank 0.72 Mordekaiser 0.62 Karthus 0.59 Yasuo 0.52 Jhin 0.61 Bard 0.55 1,https://na.op.gg/summoners/na/Sanchovies/matches/fBHHhgUQStCkrP_u2ybwLcJLjReG939r4ARHS3TcWnQ%3D/1651633748000
Poppy 0.54 Kayn 0.4 Anivia 0.55 Ezreal 0.13 Karma 0.4 Jax 0.59 Nidalee 0.56 Gangplank 0.61 Karthus 0.67 Nautilus 0.79 1,https://na.op.gg/summoners/na/LĘTHAL PRIDE/matches/fBHHhgUQStDjxbJx-iAKrZrLiQsg2T3CPeTRaBD8574%3D/1651511615000
Malphite 0.43 Master Yi 0.48 Irelia 0.56 Veigar 0.64 Pyke 0.54 Sylas 0.29 Lillia 0.67 Zed 0.63 Vayne 1.0 Zilean 0.54 1,https://na.op.gg/summoners/na/Corgi the Pig/matches/fBHHhgUQStD3rTzGE03qlBLMhYzbu5qmHZV6SXqdNso%3D/1651001060000
Irelia 0.43 Graves 0.42 Anivia 0.55 Swain 0.5 Senna 0.53 Pantheon 0.56 Diana 0.64 Zed 0.55 Twitch 0.57 Blitzcrank 0.67 0,https://na.op.gg/summoners/na/Corgi the Pig/matches/fBHHhgUQStDlT4K_2CzWHAZNXKX9U5IH684IJKolpEs%3D/1651608227000
Wukong 0.51 Nocturne 0.61 Xerath 1.0 Twitch 0.57 Yuumi 0.5 Gwen 0.6 Viego 0.55 Qiyana 0.52 Tristana 0.48 Senna 0.59 0,https://na.op.gg/summoners/na/ Rekkles WB/matches/fBHHhgUQStCkkIc0ga4kYgN4a94B5BfIK0pZ0Kx5sNo%3D/1651590856000
Sett 0.53 Viego 0.33 Kayle 0.77 Veigar 0.64 Soraka 0.62 Poppy 0.52 Lee Sin 0.58 Sona 0.55 Zeri 0.86 Morgana 0.67 0,https://na.op.gg/summoners/na/dragonite smogon/matches/fBHHhgUQStD9fyzytFJG5-Ivqj0UcCgTls3NxmRhbHU%3D/1651632689000
Wukong 0.27 Viego 0.33 Veigar 0.68 Samira 0.6 Braum 0.66 Poppy 0.72 Nidalee 0.51 Irelia 0.71 Jhin 0.45 Leona 0.47 1,https://na.op.gg/summoners/na/Lojaz/matches/fBHHhgUQStD86TIAB9ikC851w-bdSqRj98KvX2_wcq8%3D/1651101766000
Volibear 0.63 Wukong 0.27 Vladimir 0.72 Twitch 0.67 Senna 0.67 Yone 0.54 Kha'Zix 0.57 Lissandra 0.53 Aphelios 0.58 Lulu 0.59 1,https://na.op.gg/summoners/na/emoyo/matches/fBHHhgUQStBiWLcAYGLzf9rDyqABgz2CbMw6bMLY6P8%3D/1651616635000
Poppy 0.61 Wukong 1.0 Akali 0.6 Ezreal 0.6 Karma 0.49 Tryndamere 0.63 Talon 0.5 Katarina 0.69 Ashe 0.59 Lulu 0.47 0,https://na.op.gg/summoners/na/ƒree jojo/matches/fBHHhgUQStD-U6CZrMuJSPQx1HHmP6hDDO4Yg-bq3d4%3D/1651439072000
Gwen 0.53 Kayn 0.72 Qiyana 0.66 Jhin 0.54 Nautilus 0.49 Viktor 0.5 Viego 0.61 Lux 0.53 Jinx 0.56 Pyke 0.33 0 ,https://na.op.gg/summoners/na/HolyChickencows/matches/fBHHhgUQStD9pdBZ_JM3JH-_v1JRe7znp-UhG_ZzxSc%3D/1651673020000
Aatrox 0.46 Graves 0.28 Malzahar 0.59 Twitch 0.4 Nami 0.43 Sion 0.64 Zac 0.51 Zoe 0.58 Ezreal 0.17 Ashe 0.63 1,https://na.op.gg/summoners/na/SlightlyNotFaker/matches/fBHHhgUQStBMbSQWI8M3AbGQm1qwyxkdhIqUp87UT_w%3D/1651665440000
Aatrox 0.62 Zed 0.53 Ahri 0.0 Ezreal 0.71 Yuumi 0.63 Sion 0.57 Graves 0.0 Twisted Fate 0.53 Xayah 0.54 Karma 0.5 0,https://na.op.gg/summoners/na/Tohell/matches/fBHHhgUQStC35KYCg5_X4u_mgvZNnJ2bL-GnnUGyp1Q%3D/1651663523000
Aatrox 0.73 Ekko 0.58 Yone 0.33 Lucian 0.63 Xerath 0.3 Jayce 0.47 Taliyah 0.51 Zilean 0.52 Jhin 0.48 Senna 0.57 1,https://na.op.gg/summoners/na/LUCKYYY BTW/matches/fBHHhgUQStAnNHxrJLJ3C8AqO9543YLkylU9N0kQcqU%3D/1651656860000
Ornn 0.56 Trundle 0.0 Sylas 0.45 Draven 0.64 Ashe 0.88 Fiora 1.0 Diana 0.8 Pantheon 1.0 Kalista 0.62 Taliyah 0.68 1,https://na.op.gg/summoners/na/Pog Mode/matches/fBHHhgUQStDPep99XuykLlnWWG_ui7dJU-I8Cc2A2fE%3D/1651654205000
Cho'Gath 0.81 Shyvana 0.54 Viktor 0.47 Samira 0.61 Blitzcrank 0.63 Sett 0.71 Ekko 0.45 Akshan 0.68 Ashe 0.61 Nautilus 0.41 0,https://na.op.gg/summoners/na/max 5 deaths/matches/fBHHhgUQStD3wKU53KmIdke2RBVIV_eQMb-cyjhlq1c%3D/1651632580000
Sion 0.58 Shyvana 0.54 Zed 0.5 Jhin 0.58 Pyke 0.57 Jax 0.53 Rengar 0.85 Vex 0.62 Twitch 0.56 Janna 0.61 1,https://na.op.gg/summoners/na/Idare/matches/fBHHhgUQStA2SSbqZgnWEp8bI9wWAb0wTQFPPay2Xvs%3D/1651638442000
Sion 0.6 Rek'Sai 0.7 Tryndamere 0.54 Ezreal 0.53 Pyke 0.54 Singed 0.31 Kha'Zix 0.56 Ekko 0.49 Kai'Sa 0.64 Soraka 0.42 1,https://na.op.gg/summoners/na/Muwa/matches/fBHHhgUQStDPPt2ov46XxIkJLt813bgjBjEHgOdF9yo%3D/1651647480000
Graves 0.50 Poppy 0.5 Riven 0.57 Ziggs 0.69 Twitch 0.54 Camille 0.61 Zac 0.63 Ahri 0.6 Samira 0.54 Galio 0.5 0,https://na.op.gg/summoners/na/Never Story/matches/fBHHhgUQStDAQcxyZqsW3QYzyj4O48y9aLbHlkyaD7g%3D/1651596957000
Camille 0.75 Kayn 0.55 Kennen 0.54 Seraphine 0.57 Senna 0.57 Ornn 0.25 Kha'Zix 0.44 Ryze 0.0 Kai'Sa 0.47 Nautilus 0.75 0,https://na.op.gg/summoners/na/YRN Ben/matches/fBHHhgUQStDYiN3LuBZG8DeVyo7I34EKcmPK19NiLEM%3D/1651679853000
Teemo 0.58 Volibear 0.0 Zoe 0.6 Kai'Sa 0.49 Xerath 0.55 Riven 0.52 Karthus 1.0 Diana 0.54 Sivir 0.54 Karma 0.63 1,https://na.op.gg/summoners/na/old dry mother/matches/fBHHhgUQStAv4cWZgOoECFa25ua7zI1S5RGJXSDBJdk%3D/1651663495000
Dr. Mundo 0.59 Graves 0.51 Vladimir 0.48 Camille 0.51 Karma 0.63 Aatrox 0.52 Lillia 0.5 Veigar 0.64 Xayah 0.47 Sona 0.53 0,https://na.op.gg/summoners/na/Reminder1/matches/fBHHhgUQStAI6A_i8zNDrtTJoYNxoxNyIn5ZffUxnnE%3D/1651678618000
Aatrox 0.55 Rek'Sai 0.75 Akali 0.53 Sona 0.65 Braum 0.5 Kled 0.52 Graves 0.63 Zed 0.58 Vayne 0.54 Taric 0.5 0,https://na.op.gg/summoners/na/hyperton/matches/fBHHhgUQStD92XhR5L0MhQHD4Qm872mIoK2H4MMP9bc%3D/1651448866000
Aatrox 0.55 Rengar 0.5 Ekko 0.51 Jhin 0.59 Zilean 0.54 Swain 0.52 Kindred 0.57 Neeko 1.0 Tristana 1.0 Lulu 0.56 1,https://na.op.gg/summoners/na/GO0B/matches/fBHHhgUQStBn7KlhHmL9Mzyh45zceZFYTeCc4pu1rgw%3D/1651541394000
Vayne 0.66 Kayn 0.56 Veigar 0.63 Ezreal 0.8 Renata Glasc 0.33 Aatrox 0.49 Kha'Zix 0.44 Cassiopeia 0.57 Kai'Sa 0.33 Pyke 0.69 0,https://na.op.gg/summoners/na/Pugsyxd/matches/fBHHhgUQStBEWE8iec0-WTphn6Cl59z4Dc_0lJpNuxY%3D/1651629726000
Illaoi 0.56 Lillia 0.5 Yasuo 0.42 Jinx 0.5 Tahm Kench 0.8 Darius 0.57 Taliyah 0.56 Dr. Mundo 0.53 Tristana 0.75 Leona 0.67 0,https://na.op.gg/summoners/na/SweatyToast/matches/fBHHhgUQStCK9rAz2Aba2TCEywUj9QQ9cuEkAz-mZuU%3D/1651627635000
Nasus 0.52 Kha'Zix 0.8 Ahri 0.58 Kai'Sa 0.44 Gragas 0.33 Gnar 0.56 Vi 0.42 Ekko 0.5 Jhin 0.43 Thresh 0.67 0,https://na.op.gg/summoners/na/RainnsRevenge/matches/fBHHhgUQStC6L5kD44Dx4rH9FieAfEYW6AjOnbl2pZY%3D/1651681655000
Illaoi 0.56 Morgana 1.0 Yasuo 0.52 Vayne 0.56 Karma 0.56 Darius 0.57 Viego 0.61 Sylas 0.5 Yone 0.65 Nautilus 0.67 0,https://na.op.gg/summoners/na/RainnsRevenge/matches/fBHHhgUQStCsH5Rntz907_kSZLOwcsMCstPaqmzmNX4%3D/1651629598000
Fiora 0.5 Talon 0.58 Zoe 0.4 Draven 0.54 Senna 0.61 Ornn 1.0 Wukong 0.49 Malzahar 0.51 Samira 0.53 Thresh 0.58 1,https://na.op.gg/summoners/na/Trieuloo/matches/fBHHhgUQStDJgSWojD1jEFz2ktLTHGpR2rIcwWH91Zc%3D/1651324828000
Irelia 0.55 Evelynn 0.42 Ahri 0.52 Kog'Maw 0.5 Blitzcrank 0.67 Ornn 0.53 Kha'Zix 0.56 Qiyana 0.5 Karthus 0.65 Nautilus 0.50 1,https://na.op.gg/summoners/na/Sakura Dinger/matches/fBHHhgUQStA0kpfFiQO57E9xSEwNw8ndNZyRXrp2N-I%3D/1651636271000
Sett 0.61 Rek'Sai 0.6 Rumble 0.5 Miss Fortune 0.48 Karma 0.5 Jax 0.61 Talon 0.63 Kassadin 0.5 Aphelios 0.46 Soraka 0.44 0,https://na.op.gg/summoners/na/CanadianSorryEh/matches/fBHHhgUQStCuKNdrKXqk7Lds42gICAbN43gh4vFUdZ0%3D/1651292874000
Aatrox 0.5 Rek'Sai 0.53 Twitch 0.55 Jinx 0.53 Lux 0.47 Gangplank 0.67 Vi 0.57 Karma 0.61 Samira 0.89 Pyke 0.53 1,https://na.op.gg/summoners/na/CanadianSorryEh/matches/fBHHhgUQStDSp3tNI3fDBORRfyxM6JZXI20dS16pFxQ%3D/1650423943000
Graves 0.53 Nidalee 0.58 Karthus 0.65 Lucian 0.57 Pyke 0.55 Malphite 0.0 Kindred 0.55 Orianna 0.55 Zeri 0.31 Leona 0.33 0,https://na.op.gg/summoners/na/HAHAHAHAHAAHAHXD/matches/fBHHhgUQStCA1NqlrU1ZWp-oYWHwQsQh1_AzWx7zutQ%3D/1651641144000
Aatrox 0.56 Kha'Zix 0.71 Swain 0.53 Jhin 0.76 Blitzcrank 0.55 Camille 0.5 Nunu & Willump 0.0 Zoe 0.62 Samira 0.56 Nami 0.55 0,https://na.op.gg/summoners/na/Jormog/matches/fBHHhgUQStCm14eaaS7QI8IWKwblyNRvQnPhJIx_A4M%3D/1651623739000
Sion 0.58 Viego 0.43 Sylas 0.63 Lucian 0.61 Thresh 0.58 Illaoi 0.56 Lee Sin 0.55 Rumble 0.52 Samira 0.25 Taric 0.54 0,https://na.op.gg/summoners/na/nazar boncuk/matches/fBHHhgUQStDzhM0aJ_bZCupygJk-nOqwDv8tjCxQM-Q%3D/1651619087000
Jax 0.33 Ivern 0.52 Pantheon 0.29 Ezreal 0.33 Nami 0.57 Mordekaiser 0.6 Talon 0.36 Irelia 0.61 Twitch 0.5 Yuumi 1.0 1,https://na.op.gg/summoners/na/DHH MS ECE/matches/fBHHhgUQStDtHp8XmD01sEN1SE4iVF4Z0RHcyccqRKI%3D/1651654032000
Teemo 0.55 Viego 0.42 Zoe 0.38 Tristana 1.0 Galio 0.33 Vladimir 0.75 Qiyana 0.5 Ahri 0.53 Lucian 0.57 Nautilus 0.53 1,https://na.op.gg/summoners/na/1ove before BC/matches/fBHHhgUQStB9MeEuesAbw-DUJe3Z2hBVUUWwRAMYy-Y%3D/1651643029000
Sett 0.53 Xin Zhao 0.4 Viktor 0.58 Swain 0.0 Pyke 0.57 Teemo 0.56 Kindred 0.33 Graves 0.51 Kai'Sa 0.5 Nautilus 0.52 1,https://na.op.gg/summoners/na/Volte/matches/fBHHhgUQStAysCM4ql-Ty7bKO2fWreYZoBwnnS4QGXk%3D/1651288506000
Camille 0.42 Lee Sin 0.33 Zoe 0.51 Lucian 0.57 Nami 0.46 Riven 0.48 Shyvana 0.56 Viego 0.57 Caitlyn 0.67 Bard 1.0 1,https://na.op.gg/summoners/na/Volte/matches/fBHHhgUQStBmCENiwHsWK2kAE4Ky2uKZTTNJ1dCF_3Y%3D/1651386415000
Fiora 0.39 Rammus 0.54 Akali 0.52 Lucian 0.75 Pyke 0.6 Singed 0.51 Kha'Zix 0.64 Zed 0.0 Tristana 0.52 Nami 0.7 0,https://na.op.gg/summoners/na/HyperCarryGOD/matches/fBHHhgUQStBzN1yu7QyoIH3VldVaKk7HDYhznTjmrb8%3D/1651611923000
Graves 0.5 Viego 0.75 Kassadin 0.55 Samira 0.33 Pantheon 0.63 Nidalee 0.53 Shyvana 0.56 Yone 0.83 Vayne 0.0 Nautilus 0.44 0,https://na.op.gg/summoners/na/HyperCarryGOD/matches/fBHHhgUQStCY5d1GH2tNGC8-P73AF-nUWD519ZlGhsQ%3D/1651614331000
Aatrox 0.5 Rengar 0.73 Akshan 0.67 Veigar 0.78 Zyra 0.47 Darius 0.48 Viego 0.55 Xerath 0.17 Swain 0.52 Pyke 0.55 0,https://na.op.gg/summoners/na/sIoth/matches/fBHHhgUQStCGC76zpvOhZtj31R6T5-5YJwqoA07_d2Q%3D/1651633380000
Tryndamere 0.75 Fiddlesticks 0.64 Viktor 0.55 Caitlyn 0.42 Karma 0.45 Dr. Mundo 0.8 Graves 0.59 Ekko 0.57 Veigar 0.54 Sona 0.5 1,https://na.op.gg/summoners/na/sIoth/matches/fBHHhgUQStBcdsq7VKUv-CPqXdx0LSD8HS8wXvHTf5w%3D/1651630994000
Jax 0.51 Ekko 0.75 Qiyana 0.61 Zeri 0.62 Yuumi 0.61 Sion 0.5 Talon 0.33 Karma 0.56 Twitch 0.25 Soraka 0.17 0,https://na.op.gg/summoners/na/Kods/matches/fBHHhgUQStBLCT4uqsaS6tNg2SMWtvUh7Crzdvdk_vw%3D/1650093189000
Aatrox 0.51 Wukong 0.55 Vex 0.62 Kai'Sa 0.71 Sett 0.69 Ornn 0.0 Rengar 0.58 Akali 0.5 Caitlyn 0.67 Alistar 0.58 0,https://na.op.gg/summoners/na/Budda/matches/fBHHhgUQStD0spNPU386bUTlrw2CZFbgoQ3YkubyMik%3D/1651653744000
Quinn 0.5 Lillia 0.75 Zoe 0.57 Zeri 0.38 Sona 1.0 Wukong 1.0 Lee Sin 0.25 Vex 0.5 Yasuo 0.51 Yuumi 0.45 0,https://na.op.gg/summoners/na/Budda/matches/fBHHhgUQStCnBPnnSw8s7z618Imt052ISxzu1nbEs-I%3D/1651655902000
Sion 0.51 Graves 0.5 Akali 0.56 Jinx 0.37 Lulu 0.5 Garen 1.0 Diana 0.58 Fizz 0.75 Lucian 0.5 Nami 1.0 1,https://na.op.gg/summoners/na/Shibas/matches/fBHHhgUQStBpURj1SzzZjRY16Q03GdSgW_G4r5xiPiI%3D/1651664749000
Irelia 0.58 Graves 0.5 Sylas 0.5 Ezreal 0.48 Thresh 0.56 Jax 0.58 Ekko 1.0 Tristana 0.43 Karthus 0.57 Nautilus 0.0 1,https://na.op.gg/summoners/na/vx15005797715/matches/fBHHhgUQStB2gjPqTu-NiLudacTe2zONdDgLTwqYBtM%3D/1651683446000
Vayne 1.0 Master Yi 0.57 Sylas 0.61 Sivir 0.0 Blitzcrank 0.54 Wukong 0.5 Kha'Zix 0.33 Kai'Sa 0.57 Seraphine 0.41 Sona 0.42 1,https://na.op.gg/summoners/na/Dr Carry Potter/matches/fBHHhgUQStA0gdYHGDvmfGXCsssXKagSADIL5dK0EdU%3D/1651680698000
Rengar 0.61 Lee Sin 0.55 Orianna 0.17 Ezreal 0.5 Yuumi 0.48 Aatrox 0.52 Vi 0.62 Akali 0.5 Karthus 0.59 Lux 0.57 1,https://na.op.gg/summoners/na/Bánh Mì xD/matches/fBHHhgUQStB5Jcgv6rjUOZELth9Monf53YlLQu63vk4%3D/1651685880000
Malphite 0.57 Rengar 0.78 Vex 0.64 Lucian 0.63 Lulu 0.81 Gnar 0.58 Nunu & Willump 0.54 Veigar 0.58 Jinx 0.61 Janna 0.58 1,https://na.op.gg/summoners/na/KAR6/matches/fBHHhgUQStAE47MSSTsPOQ1vLj7EJ0W_kt8LkuF3Neo%3D/1651627709000
Garen 0.53 Viego 0.53 Lissandra 0.56 Twitch 0.67 Rakan 0.8 Darius 0.6 Ekko 0.5 Syndra 0.73 Ezreal 0.4 Pyke 0.66 0,https://na.op.gg/summoners/na/Invitrix/matches/fBHHhgUQStDetBn9ZVxSRcXREKoo3CGnP4A9NrDD1Ps%3D/1651623442000
Ornn 0.73 Rumble 0.61 Riven 0.55 Jhin 0.29 Bard 0.57 Fiora 1.0 Viego 0.54 Sylas 0.56 Twitch 0.5 Karma 0.52 0,https://na.op.gg/summoners/na/Pengu Emperor/matches/fBHHhgUQStAoy_2p2oOtXjETT63ynrI5r2iXMBNwpJ8%3D/1651641726000
Zed 0.5 Graves 0.33 Fizz 0.58 Aphelios 0.82 Brand 0.6 Poppy 0.57 Sylas 0.9 Veigar 0.7 Yasuo 0.6 Nami 0.56 1,https://na.op.gg/summoners/na/Verii/matches/fBHHhgUQStAMQ2D5S2hBUWakDbUVt4H8bKp7gL1icEI%3D/1651645643000
Gangplank 0.51 Zac 0.51 Qiyana 0.67 Samira 0.59 Blitzcrank 0.64 Jayce 0.42 Shyvana 0.66 Ahri 0.67 Senna 0.56 Yuumi 0.57 0,https://na.op.gg/summoners/na/kitty claws/matches/fBHHhgUQStADC296IZbnIQ87UwEtyZ7ff-OJSpdre3I%3D/1651692355000
Gnar 0.5 Jarvan IV 0.17 Veigar 0.44 Kalista 0.57 Janna 0.5 Sett 0.54 Viego 0.54 Viktor 1.0 Draven 0.44 Karma 0.35 1,https://na.op.gg/summoners/na/JúJú Jiàng/matches/fBHHhgUQStCt3ZpCAWYsV4zK3Dv1UnV0SiE7o2VbUkg%3D/1651598635000
Jax 0.75 Karthus 0.33 Vladimir 0.62 Lucian 0.67 Nautilus 0.53 Urgot 0.59 Amumu 0.67 Akali 0.6 Samira 0.5 Pyke 0.53 1,https://na.op.gg/summoners/na/Romans 6 23/matches/fBHHhgUQStArWmdOxqqjuDKApkvOh07I31TdTKAsQG4%3D/1651692366000
Irelia 0.52 Kha'Zix 0.58 Zed 0.56 Ziggs 0.67 Karma 0.39 Malphite 0.0 Elise 0.0 Aatrox 0.4 Jinx 0.67 Renata Glasc 0.67 0,https://na.op.gg/summoners/na/Gabby Lamb/matches/fBHHhgUQStANvLKPs77bpsb9j2plhrXW8nHCKAVND_k%3D/1651621472000
Wukong 0.67 Kha'Zix 0.47 Zoe 0.0 Jhin 0.57 Vel'Koz 0.47 Aatrox 0.56 Rengar 0.58 Ahri 0.67 Senna 0.49 Alistar 0.75 1,https://na.op.gg/summoners/na/Vel Style/matches/fBHHhgUQStBS7hQnbi_ApkLylNl5039helcF-qVTZcw%3D/1651632154000
Fiora 0.7 Viego 0.48 Sylas 0.6 Draven 0.58 Yuumi 0.0 Volibear 0.56 Lee Sin 0.52 Cassiopeia 0.62 Kled 0.51 Ahri 0.53 1,https://na.op.gg/summoners/na/HAHAHAHAHAAHAHXD/matches/fBHHhgUQStBdddSEcLMegdngkX1k3IxORW81fsxP_E0%3D/1651468217000
Gangplank 0.51 Zac 0.54 Irelia 0.61 Jhin 0.76 Nami 0.66 Camille 0.33 Mordekaiser 0.5 Ekko 0.52 Aphelios 0.31 Thresh 0.5 0,https://na.op.gg/summoners/na/Jormog/matches/fBHHhgUQStCVY0-YEtoB5SXCArXRKAZu-GWNvINmllU%3D/1651601694000
Shen 0.52 Sejuani 0.54 Diana 0.56 Twitch 0.55 Braum 0.64 Nidalee 0.53 Kayn 0.0 Veigar 0.52 Vayne 0.5 Nautilus 0.65 0,https://na.op.gg/summoners/na/Gíõ/matches/fBHHhgUQStDrilaRkDLzOsBxcMBYOzUIQiArEUFcmic%3D/1651263120000
Lulu 0.51 Sejuani 0.61 Katarina 0.55 Jinx 0.59 Blitzcrank 0.74 Ornn 0.45 Volibear 0.67 Graves 0.6 Viktor 0.49 Bard 0.55 0,https://na.op.gg/summoners/na/Amrr/matches/fBHHhgUQStCkxW9qIPQQFmScF2nTbkcudWSPPsmbdTs%3D/1651275393000
Aatrox 0.54 Diana 0.78 Graves 0.49 Jhin 0.29 Janna 0.53 Tryndamere 0.68 Viego 0.67 Zoe 0.5 Xayah 0.67 Yuumi 0.5 1,https://na.op.gg/summoners/na/Amrr/matches/fBHHhgUQStCCBUOwtBCsp8SNP-r8b-oWj-JKTsoWds4%3D/1651180849000
Sion 0.66 Nidalee 0.75 Katarina 0.56 Lucian 0.67 Alistar 0.6 Akali 0.57 Kayn 0.58 Twisted Fate 0.55 Kai'Sa 0.52 Nami 0.43 0,https://na.op.gg/summoners/na/Itstheafternoon/matches/fBHHhgUQStDJPfcXzPCSxJipmwNCpxEQVQ4_TDGvXjo%3D/1651639814000
Quinn 0.38 Rammus 0.54 Shyvana 0.54 Jhin 0.56 Lux 0.56 Wukong 0.83 Viego 0.83 LeBlanc 0.58 Kai'Sa 0.66 Karma 0.54 1,https://na.op.gg/summoners/na/COOKIEMONSTER123/matches/fBHHhgUQStC8p-Os5f498p-FoTVxUmL3fYPIirfRcaw%3D/1651187475000
Camille 0.51 Jarvan IV 1.0 Fizz 0.53 Lucian 0.54 Janna 0.53 Teemo 0.52 Wukong 0.5 Viktor 0.5 Jhin 0.54 Nami 0.57 0,https://na.op.gg/summoners/na/Sanchovies/matches/fBHHhgUQStB-s8gjJoY6eU5yo-BxW2NEQr_vlG5r6Fo%3D/1651644495000
Irelia 0.72 Lee Sin 0.54 Anivia 0.51 Miss Fortune 0.58 Renata Glasc 0.53 Gangplank 0.57 Shaco 0.4 Veigar 0.5 Lucian 0.79 Nami 0.7 0,https://na.op.gg/summoners/na/yassinCodes/matches/fBHHhgUQStAP-xTkolFl5kPkrjK-ySu92gChSH9abM8%3D/1651653400000
Pantheon 0.56 Ekko 0.51 Nasus 0.59 Miss Fortune 0.57 Soraka 0.52 Mordekaiser 0.5 Jarvan IV 0.5 Xerath 1.0 Jinx 0.6 Renata Glasc 0.68 1,https://na.op.gg/summoners/na/china/matches/fBHHhgUQStDKOBm4Weqo58_UqeAssregt8A5bjVaBDY%3D/1651625254000
Kayle 0.55 Graves 0.5 Veigar 0.64 Varus 0.54 Soraka 0.54 Gangplank 0.55 Diana 0.56 Yasuo 0.4 Draven 0.67 Blitzcrank 0.78 0,https://na.op.gg/summoners/na/Wofye/matches/fBHHhgUQStD63PbbH1Mriz06m3b7XfS8sBHzOOAwvCY%3D/1651647844000
Yone 0.53 Rengar 0.53 Syndra 0.5 Jhin 0.58 Yuumi 0.65 Ornn 0.67 Kindred 0.64 Viego 0.22 Xerath 0.5 Senna 0.67 0,https://na.op.gg/summoners/na/demon king stain/matches/fBHHhgUQStBhGfRk3qUoI14jxBOa6bw9DemQKX8qsEA%3D/1651259135000
Darius 0.57 Sylas 0.0 Lux 0.52 Ezreal 0.45 Bard 0.58 Gnar 0.83 Rek'Sai 0.56 Ahri 0.62 Miss Fortune 0.58 Pyke 0.56 1,https://na.op.gg/summoners/na/demon king stain/matches/fBHHhgUQStCfl-Wt0yFvvllqaKFYo_HWG7Kd5Puyip4%3D/1650997143000
Akali 0.31 Graves 0.46 Swain 0.52 Zeri 0.41 Zilean 0.54 Aatrox 0.33 Hecarim 0.52 Brand 0.5 Syndra 0.55 Bard 0.51 1,https://na.op.gg/summoners/na/Sol Dynasty/matches/fBHHhgUQStBxt1EZY5sf8zVyI27pwphY7NwQA_ntSnQ%3D/1647551685000
Rengar 0.55 Olaf 0.51 Karma 0.67 Vayne 0.57 Lulu 0.6 Vladimir 0.53 Shaco 0.5 Irelia 0.67 Samira 0.64 Zilean 0.53 1,https://na.op.gg/summoners/na/eeqa/matches/fBHHhgUQStCZwPQWk89k3xdDNGfH0lp1TIAXRi3wOaU%3D/1651487406000
Dr. Mundo 0.55 Olaf 0.51 Galio 0.33 Caitlyn 0.54 Morgana 0.83 Jax 0.59 Kindred 0.6 LeBlanc 0.47 Jhin 0.51 Rakan 0.48 0,https://na.op.gg/summoners/na/eeqa/matches/fBHHhgUQStA7iF3BIlJfe0IOO1NYD406vb3YQVbA-cg%3D/1651494573000
Fiora 0.62 Wukong 1.0 Azir 0.6 Miss Fortune 0.5 Lulu 0.54 Warwick 0.5 Kha'Zix 0.55 Viktor 0.49 Vayne 0.52 Alistar 0.5 0,https://na.op.gg/summoners/na/lululululufei/matches/fBHHhgUQStB2MQoPXOyyQ2n_jdy7L0xqJgb8S5uvZmw%3D/1651563814000
Fiora 0.62 Rumble 0.51 Lucian 0.56 Veigar 1.0 Nami 0.57 Sett 0.52 Udyr 0.63 Zilean 0.52 Samira 0.44 Pyke 0.54 0,https://na.op.gg/summoners/na/WE WIN THESE/matches/fBHHhgUQStBM10UiHMv6L3rr_j2h1IPWj-JUsrKibFc%3D/1651569885000
Mordekaiser 0.4 Talon 0.57 Azir 0.54 Quinn 0.38 Zilean 0.5 Malphite 0.64 Zed 0.62 Anivia 0.53 Lucian 0.8 Sona 0.52 1,https://na.op.gg/summoners/na/COOKIEMONSTER123/matches/fBHHhgUQStDwqWB4UYrHMPgwbJ8J0j7cd2YTEDNMYdE%3D/1651180838000
Irelia 0.61 Sejuani 0.5 Vex 0.29 Kai'Sa 0.61 Blitzcrank 0.55 Graves 0.6 Ekko 0.46 Pantheon 0.61 Draven 0.66 Bard 0.69 1,https://na.op.gg/summoners/na/Mango Doggie/matches/fBHHhgUQStBQu7mqkyD3UH-CbxWLvFsjU3ySB4gq4nY%3D/1651488025000
Fiora 0.7 Lillia 0.56 Pantheon 0.61 Miss Fortune 0.69 Nautilus 0.57 Gragas 0.25 Rengar 0.59 Ahri 0.7 Kai'Sa 0.6 Leona 0.8 0,https://na.op.gg/summoners/na/ELO TÊRRORIST/matches/fBHHhgUQStA5ZMloFK_0gSiBtHCZOkqvFkaK3LU2tWo%3D/1651642566000
Kennen 0.57 Viego 0.5 Sylas 0.71 Jinx 0.42 Thresh 0.44 Poppy 0.56 Rengar 0.59 Ahri 0.6 Caitlyn 0.6 Karma 0.55 0,https://na.op.gg/summoners/na/mid namaste/matches/fBHHhgUQStCS2xyNJ-2Z2eSUftN48ivlChvi6Xzg3b8%3D/1651640170000
Gangplank 0.58 Nocturne 0.5 LeBlanc 0.43 Jinx 0.42 Tahm Kench 0.67 Lucian 0.52 Jarvan IV 0.63 Karma 0.55 Aphelios 0.52 Thresh 0.83 1,https://na.op.gg/summoners/na/saving na/matches/fBHHhgUQStCOMaP8f9M1bzU7Z6ripQfUJFp9imw5X-w%3D/1651356620000
Jax 0.62 Nocturne 0.75 Neeko 0.49 Ziggs 1.0 Senna 0.71 Riven 0.61 Qiyana 0.6 Diana 0.59 Lucian 0.5 Nami 0.5 0,https://na.op.gg/summoners/na/Tony Top/matches/fBHHhgUQStDlhw1FsFTM5K8HqOCaKEDITp5ATh2uU8c%3D/1651693917000
Jax 0.59 Talon 0.58 Katarina 0.4 Kai'Sa 0.44 Senna 0.33 Sett 0.49 Diana 1.0 Viego 0.57 Xayah 0.5 Yuumi 0.56 1,https://na.op.gg/summoners/na/12 more hours/matches/fBHHhgUQStB71s1D2WUVWvou9OHwWk9okhKihIpFBBk%3D/1650272060000
Singed 0.54 Jarvan IV 0.75 Zoe 0.45 Miss Fortune 0.67 Ahri 0.52 Gnar 0.52 Poppy 0.58 Sylas 0.36 Yasuo 0.67 Lulu 0.51 1,https://na.op.gg/summoners/na/rCadeKing/matches/fBHHhgUQStBfDYRE9XxeCKtVXKkOKt1TtS7AIkcHWLE%3D/1651437856000
Teemo 0.55 Hecarim 0.61 Kassadin 0.63 Aphelios 0.58 Thresh 1.0 Cho'Gath 0.5 Wukong 0.2 Akali 0.4 Viktor 0.55 Pyke 0.17 0,https://na.op.gg/summoners/na/rCadeKing/matches/fBHHhgUQStCiQ1V5OPE7Witf9_0iqLRUqvCsY8BwZoo%3D/1651135071000
Riven 0.56 Viego 0.64 Viktor 0.76 Caitlyn 0.53 Karma 0.6 Darius 0.57 Graves 0.5 Rumble 0.0 Lucian 0.54 Rell 0.5 0,https://na.op.gg/summoners/na/June Yongarimin/matches/fBHHhgUQStCU9px8mk0zIVAmiWphvHwDespYi0z7zLM%3D/1651567120000
Yone 0.56 Karthus 0.33 Lissandra 0.52 Caitlyn 0.43 Senna 0.5 Gangplank 0.45 Kindred 0.47 Vex 0.5 Sona 0.65 Soraka 0.61 1,https://na.op.gg/summoners/na/June Yongarimin/matches/fBHHhgUQStBkwvGfGqFrrR2VSiA2y3a-GjsRZZMdfyY%3D/1650180006000
Cassiopeia 0.53 Kha'Zix 0.5 Qiyana 0.42 Viktor 0.55 Karma 0.6 Jayce 0.51 Rek'Sai 1.0 Seraphine 0.53 Ezreal 0.63 Pyke 0.56 1,https://na.op.gg/summoners/na/VXX REB20201/matches/fBHHhgUQStCQTR6fsp4u3AR0gPBEHE0CIDhEyyO7XgI%3D/1651649477000
Ornn 0.0 Viego 0.52 Ahri 0.46 Vayne 0.56 Sona 0.83 Tryndamere 0.93 Rek'Sai 0.59 Lissandra 0.57 Lucian 0.58 Soraka 0.55 1,https://na.op.gg/summoners/na/Rim My Hole/matches/fBHHhgUQStB4S01pk0Wu4oR08AKqumMf_Op4fSR88Sc%3D/1649371430000
Graves 0.59 Diana 0.58 Qiyana 0.64 Seraphine 0.53 Renata Glasc 0.5 Neeko 0.58 Nunu & Willump 0.5 Galio 0.33 Jhin 0.0 Sona 0.0 0,https://na.op.gg/summoners/na/Rim My Hole/matches/fBHHhgUQStAAOtguIEzgjEi7zl56C7sOxVgY200KVVc%3D/1651661060000
Gangplank 0.46 Evelynn 0.25 Galio 0.5 Jinx 0.45 Lulu 0.62 Riven 0.67 Wukong 0.64 Corki 0.5 Lucian 0.63 Renata Glasc 0.54 1,https://na.op.gg/summoners/na/Phazè/matches/fBHHhgUQStBKzaUIh9cRVkZL8qgi_z5AZopixHbnSbY%3D/1651182900000
Wukong 0.53 Nunu & Willump 0.5 Zed 0.53 Kai'Sa 0.51 Renata Glasc 0.43 Gwen 0.54 Taric 0.5 Morgana 0.51 Tristana 0.64 Pyke 0.57 0,https://na.op.gg/summoners/na/Nunu Main/matches/fBHHhgUQStBFk3ul0u9gN8UtS0_96uQRz_7Y2sbnigE%3D/1651636316000
Camille 0.54 Kha'Zix 0.58 Cassiopeia 0.33 Twitch 0.0 Karma 0.61 Tryndamere 0.63 Wukong 0.55 Vladimir 0.56 Draven 0.45 Morgana 0.52 1,https://na.op.gg/summoners/na/TheGoIdenChad/matches/fBHHhgUQStBuF8nlfuoFpYqsc7DY9z1MU1pDOxQinqs%3D/1651703083000
Jayce 0.57 Hecarim 0.73 Katarina 0.56 Kai'Sa 0.51 Thresh 0.58 Malphite 0.59 Rengar 0.61 Ryze 0.58 Jhin 0.75 Blitzcrank 0.71 0,https://na.op.gg/summoners/na/Phazè/matches/fBHHhgUQStC10joj1ObNTGkN84t99msvIVHVp9QYcdA%3D/1651652216000
Camille 0.56 Kindred 0.46 Malzahar 0.71 Zed 0.55 Sejuani 0.33 Graves 0.47 Viego 0.48 Ekko 0.56 Jhin 0.65 Janna 0.58 1,https://na.op.gg/summoners/na/Amrr/matches/fBHHhgUQStBlDOt9a7n-HJ-2rWMAN2it-FHJjN-2C1g%3D/1651700521000
Kled 0.5 Graves 0.5 Lux 0.53 Lucian 0.55 Nautilus 0.52 Yone 0.61 Kayn 0.64 LeBlanc 0.51 Jhin 0.57 Tahm Kench 0.48 0,https://na.op.gg/summoners/na/Amrr/matches/fBHHhgUQStCnQEiG9QVT9lgv5FNuIq6K6EeaQauh03c%3D/1650922681000
Pantheon 0.0 Trundle 0.36 Katarina 0.51 Kai'Sa 0.49 Pyke 0.81 Sett 0.5 Rengar 0.58 Yasuo 0.55 Ziggs 0.33 Soraka 0.59 1,https://na.op.gg/summoners/na/Amrr/matches/fBHHhgUQStC-sBtdMC_4dmzajHBFIEDYRje-1J3qPu4%3D/1650071877000
Sion 0.0 Viego 0.56 Akali 0.57 Zeri 0.56 Sona 0.49 Volibear 1.0 Lillia 0.47 Anivia 0.67 Twitch 0.56 Lulu 0.63 1,https://na.op.gg/summoners/na/Romans 6 23/matches/fBHHhgUQStDZUGHt7vErUrokVK18DlIN55xgdW2mx3g%3D/1651685878000
Ornn 0.44 Nocturne 0.5 Zoe 0.0 Ezreal 0.0 Soraka 0.45 Garen 0.49 Rumble 0.56 Twisted Fate 0.54 Draven 0.5 Nautilus 0.58 1,https://na.op.gg/summoners/na/Sundaez/matches/fBHHhgUQStCMCS7iWvUKJLK-mozvwIE3mYhtMq2Ivm0%3D/1651695422000
Garen 0.0 Lillia 0.57 Vex 0.53 Tristana 1.0 Nautilus 0.46 Gragas 0.57 Wukong 1.0 Yasuo 0.52 Kai'Sa 0.5 Alistar 0.38 0,https://na.op.gg/summoners/na/kaptur/matches/fBHHhgUQStAwkMLMHgHz-nprv445qO80iGtHYFs5Qjg%3D/1651702207000
Jax 0.65 Nocturne 0.52 Viktor 0.54 Jhin 0.42 Lux 0.78 Vel'Koz 0.51 Graves 0.65 Heimerdinger 0.48 Caitlyn 0.47 Ashe 0.49 0,https://na.op.gg/summoners/na/Fresh Iemon/matches/fBHHhgUQStBf8D0LNg5gI-XDfcfnJKdE6fNd1kKR88Y%3D/1651340910000
Ornn 0.53 Taric 0.5 Vladimir 0.55 Lucian 0.55 Karma 0.3 Quinn 0.75 Rumble 0.51 Ahri 0.0 Jinx 0.36 Sona 0.52 0,https://na.op.gg/summoners/na/lightrocket2/matches/fBHHhgUQStCtBcnrWO9nxYTj6Rfyv_8uoRCp-ObhiJM%3D/1651700529000
Darius 0.55 Trundle 0.54 Vladimir 0.59 Ezreal 0.49 Karma 0.53 Mordekaiser 0.56 Talon 0.58 Tristana 0.6 Jhin 0.49 Heimerdinger 0.5 0,https://na.op.gg/summoners/na/BatiFat/matches/fBHHhgUQStD0VF_Niph04b4X9QMkNQNU4SYUT6gHQcA%3D/1651601718000
Gangplank 0.5 Amumu 0.6 Kassadin 0.58 Jinx 0.48 Pyke 0.8 Darius 0.55 Graves 0.48 Zoe 0.38 Lucian 0.61 Nami 0.57 0,https://na.op.gg/summoners/na/Outrushed/matches/fBHHhgUQStDfcu9ikcoOn3p54ZmEtxAXViZ8R0Uy5G0%3D/1651651675000
Aatrox 0.48 Kha'Zix 0.52 Anivia 1.0 Lucian 1.0 Morgana 0.62 Graves 1.0 Rek'Sai 0.5 Sylas 0.51 Ezreal 0.46 Thresh 0.54 0 ,https://na.op.gg/summoners/na/SkyStarZ/matches/fBHHhgUQStC5nSjaIwi3Dsic8PxUtZ8W4V-b9ppv8p0%3D/1651476301000
Yone 0.46 Zac 0.69 Zed 0.53 Ezreal 0.5 Yuumi 0.33 Gragas 0.57 Talon 0.0 Cassiopeia 0.58 Kai'Sa 0.54 Pyke 0.58 0,https://na.op.gg/summoners/na/Légacy/matches/fBHHhgUQStA8HxM1RzesQd05kxe6Of8V37wczpU9f2A%3D/1651649044000
Riven 0.52 Kha'Zix 0.67 Ahri 0.0 Ezreal 0.44 Karma 0.54 Jax 0.46 Viego 0.75 LeBlanc 1.0 Jhin 0.71 Pyke 0.59 1,https://na.op.gg/summoners/na/High Grounder/matches/fBHHhgUQStBYN4BhIhXHR1QRRBVqD9PE0osEFbZh1Wo%3D/1651693871000
Fiora 0.39 Rammus 0.54 Akali 0.52 Lucian 0.4 Pyke 0.6 Singed 0.51 Kha'Zix 0.64 Zed 0.0 Tristana 0.52 Nami 0.7 0,https://na.op.gg/summoners/na/HyperCarryGOD/matches/fBHHhgUQStBzN1yu7QyoIH3VldVaKk7HDYhznTjmrb8%3D/1651611923000
Quinn 0.5 Kindred 0.56 LeBlanc 0.62 Twitch 0.59 Yuumi 0.57 Teemo 0.33 Kha'Zix 0.55 Lissandra 0.55 Jinx 0.5 Seraphine 0.55 0,https://na.op.gg/summoners/na/Minmin 10/matches/fBHHhgUQStBnYbjF4A-i8HzNQBunY0KUJwjnf80Ie1Q%3D/1651681670000
Nidalee 0.53 Kindred 0.79 Fizz 0.58 Vayne 0.5 Soraka 0.49 Graves 0.53 Jarvan IV 0.5 Kayle 0.52 Kalista 0.59 Janna 0.75 1,https://na.op.gg/summoners/na/Emperor1/matches/fBHHhgUQStBXYGkQbol5Yr4-pZJmZKoEgYGvHr9XTB8%3D/1651703321000
Camille 0.54 Warwick 0.44 Lux 0.4 Samira 0.57 Zyra 0.47 Kayle 1.0 Kindred 0.51 Aurelion Sol 0.51 Ezreal 0.62 Blitzcrank 0.65 1,https://na.op.gg/summoners/na/Captain Stevie B/matches/fBHHhgUQStBXAGmcj73nEHDgJax5G8sQfd0pxB9cMwk%3D/1649288355000
Rumble 0.46 Lee Sin 0.57 Galio 0.59 Sivir 0.58 Zyra 0.47 Kled 0.52 Viego 0.54 Karthus 0.71 Draven 0.53 Nami 0.45 1,https://na.op.gg/summoners/na/PIant based/matches/fBHHhgUQStDgCnAA3hceuDu4WMfTV2GMK5WzuesYFLw%3D/1651635848000
Wukong 0.67 Ivern 0.52 Heimerdinger 0.49 Vayne 0.43 Sona 0.55 Shen 0.52 Rek'Sai 0.6 Kassadin 0.48 Jinx 0.5 Pyke 0.56 1,https://na.op.gg/summoners/na/El CalcetinSucio/matches/fBHHhgUQStBu7Vapxmj-eZid81K5WfRLxd9_Ei8-0m0%3D/1649916599000
Kled 0.42 Kha'Zix 0.48 Swain 0.4 Jhin 0.5 Rakan 0.52 Riven 0.49 Fiddlesticks 0.5 Draven 0.56 Ezreal 0.47 Blitzcrank 0.44 1,https://na.op.gg/summoners/na/El CalcetinSucio/matches/fBHHhgUQStAJzgkxCnSA07vyoMvOEhW-9_9U6a1J_OI%3D/1651698379000
Renekton 0.42 Ekko 0.57 Corki 0.58 Tristana 0.4 Pyke 0.38 Malphite 0.4 Viego 0.71 Talon 0.55 Jinx 0.71 Karma 0.52 1,https://na.op.gg/summoners/na/Sayonara Vince/matches/fBHHhgUQStBUskoiOnA2iKOp9v6U9i3avXfuBlAZ2Q8%3D/1651046561000
Ashe 0.5 Karthus 0.48 Sylas 0.51 Vayne 0.5 Leona 0.47 Urgot 0.52 Taliyah 0.5 Talon 0.64 Ezreal 1.0 Soraka 0.6 1,https://na.op.gg/summoners/na/Orpheus/matches/fBHHhgUQStBoKS-pVgqe2OrrWPxlSIx0A8yH_HyAL-8%3D/1651698685000
Cho'Gath 0.58 Graves 0.56 Vladimir 0.57 Vayne 0.68 Soraka 0.58 Lee Sin 0.51 Nidalee 0.5 Kassadin 0.5 Samira 0.5 Thresh 0.0 0,https://na.op.gg/summoners/na/Orpheus/matches/fBHHhgUQStD54HhVRNnRDrwLHKoAXR3R0xHk5s8mmko%3D/1651343811000
Shen 0.52 Viego 0.17 Swain 0.52 Katarina 0.58 Nautilus 0.25 Aatrox 0.69 Nunu & Willump 0.67 Zed 0.52 Ziggs 0.5 Rakan 0.63  1,https://na.op.gg/summoners/na/Karasmai v9/matches/fBHHhgUQStDjm3gWtGvykHw186sEKcix0IZnXoT2_I4%3D/1651701406000
Singed 0.54 Kayn 0.54 Vex 0.66 Aphelios 0.54 Nautilus 0.58 Pantheon 0.56 Karthus 0.25 Lulu 0.5 Lucian 0.58 Nami 0.57 0,https://na.op.gg/summoners/na/Karasmai v9/matches/fBHHhgUQStAY6KPycK0Y6Xjum6p95YgrFTcnlKXT2Bg%3D/1651457410000
Poppy 0.78 Lee Sin 0.61 Ahri 0.61 Jhin 0.45 Zilean 0.57 Sion 0.56 Kindred 0.58 Vex 0.27 Lucian 0.54 Nami 0.67 0,https://na.op.gg/summoners/na/ZileanWaysToSMD/matches/fBHHhgUQStDjBgSDOuIrIgZgnkcAuTMF7rC9LUgZV7g%3D/1651299724000
Akshan 0.5 Talon 0.5 Vex 0.41 Jhin 0.45 Blitzcrank 0.38 Jax 0.57 Qiyana 0.61 Ahri 0.6 Jinx 0.62 Bard 0.63 1,https://na.op.gg/summoners/na/Daimonz2/matches/fBHHhgUQStDsHZcXoF-AXMh6cvL8_y8Wox0X8olGCv0%3D/1651558624000
Aatrox 0.57 Kha'Zix 0.66 Rakan 0.64 Kalista 0.53 Maokai 0.45 Teemo 0.56 Sylas 0.6 Irelia 0.56 Draven 0.63 Karma 0.22 1,https://na.op.gg/summoners/na/ChocoPockySticks/matches/fBHHhgUQStAf1qeM9Gp3H994wBjgen6_7GNnmM5NQdo%3D/1650426434000
Riven 0.5 Qiyana 0.55 Soraka 0.59 Xayah 0.66 Maokai 0.45 Sion 0.58 Shyvana 0.5 Ahri 0.85 Samira 0.47 Nautilus 0.58 1,https://na.op.gg/summoners/na/ChocoPockySticks/matches/fBHHhgUQStCvUI7ikvvmLT4H1IFMOwVD6t25nEojQYo%3D/1649831591000
Irelia 0.73 Nunu & Willump 0.67 Yasuo 0.5 Caitlyn 0.41 Rakan 0.55 Cassiopeia 0.52 Vi 0.57 Ezreal 0.63 Miss Fortune 0.71 Morgana 0.2 0,https://na.op.gg/summoners/na/toplane chovy/matches/fBHHhgUQStAp3K0K9XPowwWQWnKXKozGYJwjw_5TxjE%3D/1651608250000
Gangplank 0.57 Viego 0.54 Veigar 0.59 Xayah 0.75 Rakan 0.5 Irelia 0.73 Xin Zhao 0.56 Twisted Fate 0.2 Xerath 0.5 Pyke 0.53 0,https://na.op.gg/summoners/na/UCSD Best Viego/matches/fBHHhgUQStDQTf4U6gY6mpIeBnYQImcnLxZjc5BvTfo%3D/1651631114000
Aatrox 0.51 Lee Sin 0.34 Vex 0.56 Twitch 0.57 Galio 0.53 Wukong 0.57 Talon 0.58 Veigar 1.0 Xayah 0.52 Nautilus 0.59 1,https://na.op.gg/summoners/na/yukino cat/matches/fBHHhgUQStB9f6YQ2k2nxHmoLMCwdref-Sd2LtrRK-E%3D/1650858628000
Sion 0.52 Nidalee 0.45 Kennen 0.54 Jinx 0.5 Senna 0.53 Gangplank 0.56 Rengar 0.5 Veigar 0.54 Akshan 0.53 Nautilus 0.56 1,https://na.op.gg/summoners/na/fkthesekids/matches/fBHHhgUQStB2pAlTqPmb59-3muszjoWl5Eu_U75XKW4%3D/1650865125000
Kayle 0.61 Poppy 0.42 Seraphine 0.59 Caitlyn 0.8 Renata Glasc 0.53 Rumble 0.57 Nunu & Willump 0.52 Katarina 0.5 Lucian 0.67 Nami 0.53 1,https://na.op.gg/summoners/na/Psycho Wand/matches/fBHHhgUQStDQ5yGSDGTKpogzA_B1RMhX-k24_C1rw3s%3D/1651631877000
Fiora 0.63 Graves 0.63 Fizz 0.52 Swain 0.48 Soraka 0.57 Gangplank 0.55 Karthus 0.55 Riven 0.33 Lucian 0.71 Senna 0.55 1,https://na.op.gg/summoners/na/Quantum/matches/fBHHhgUQStBcxzRtyx0PDtP67ra0DV5NdwOBvIaBdmo%3D/1651645357000
Malphite 0.57 Kindred 0.56 Vex 0.5 Swain 0.52 Bard 0.57 Darius 0.55 Jarvan IV 0.64  Xerath 0.63 Ziggs 0.0 Alistar 1.0 0,https://na.op.gg/summoners/na/Minmin 10/matches/fBHHhgUQStAZsQ3dYPnl498WlAV0Y9tuuw-GqoXOn98%3D/1651706622000
Malphite 0.57 Talon 0.47 Viktor 0.0 Samira 0.57 Nautilus 0.54 Fiora 0.58 Zac 0.60 Azir 0.51 Ezreal 0.56 Leona 0.63 1,https://na.op.gg/summoners/na/Tellur/matches/fBHHhgUQStCFei35u7R55cCYY_3YcnsKepDUprg7emU%3D/1651381693000
Gangplank 0.52 Skarner 0.33 Corki 0.57 Jhin 0.22 Senna 0.58 Shen 0.58 Rek'Sai 0.63 Veigar 0.5 Aphelios 0.48 Blitzcrank 0.67 1,https://na.op.gg/summoners/na/Stefke SrKn/matches/fBHHhgUQStBJ6OKXOl6LNWSfBaXHQg2n3x8yMabxuJs%3D/1651615013000
Gragas 0.8 Kindred 0.53 Vladimir 1.0 Senna 0.65 Brand 0.59 Riven 0.53 Lee Sin 0.57 Cassiopeia 0.0 Zeri 0.57 Karma 0.17 0,https://na.op.gg/summoners/na/Hendricksonovur/matches/fBHHhgUQStAKhJE-WAcQwy0Wdks3El6WoX7lCAy3Lis%3D/1649745891000
Akali 0.49 Hecarim 0.67 Zed 0.71 Ashe 0.75 Taric 0.55 Fiora 0.46 Evelynn 0.66 Qiyana 0.29 Jhin 0.49 Lulu 0.39 0 ,https://na.op.gg/summoners/na/Stephen M Ross/matches/fBHHhgUQStD_xbwcTp8lC-RaviVrSKaNM2VEL0GhfmY%3D/1651711265000
Gangplank 0.0 Zac 0.4 Akshan 0.33 Ezreal 0.38 Renata Glasc 0.49 Sejuani 0.53 Kayn 0.59 Gwen 0.35 Tristana 0.61 Tahm Kench 0.69 1,https://na.op.gg/summoners/na/1Alchemist/matches/fBHHhgUQStDZL82KQOKTJ6aEANoQDrHMK3Fym0GMkpQ%3D/1651706582000
Akali 0.55 Zac 0.69 Jayce 0.41 Ezreal 0.49 Swain 0.5 Pantheon 0.63 Qiyana 0.56 Vex 0.63 Kog'Maw 1.0 Lulu 0.5 1,https://na.op.gg/summoners/na/Alex Mercér/matches/fBHHhgUQStAIayqc7u8vQoh1JVeMWpxJ2F7WHerIru4%3D/1651704361000
Mordekaiser 0.56 Graves 0.5 Viktor 0.66 Aphelios 0.67 Lulu 0.66 Singed 0.55 Kindred 0.5 Annie 0.6 Talon 0.62 Senna 1.0 1,https://na.op.gg/summoners/na/MadLifeMidLaner/matches/fBHHhgUQStB0siko_9_-V35__OYAay3Xfo52oN8iQ84%3D/1651712415000
Poppy 0.6 Lee Sin 0.59 Ahri 0.63 Aphelios 0.46 Lulu 0.52 Yone 0.54 Zed 0.4 Aatrox 0.54 Ziggs 0.5 Senna 0.0 0,https://na.op.gg/summoners/na/Coach Process/matches/fBHHhgUQStD97NxAyAM7hjGUAQJpYdjkvvoFKo6BM2A%3D/1651169071000
Poppy 0.6 Rengar 0.76 Diana 0.59 Vayne 0.54 Lulu 0.58 Wukong 0.52 Viego 0.68 Zed 0.59 Ezreal 0.5 Zilean 0.65 0,https://na.op.gg/summoners/na/Topo/matches/fBHHhgUQStBBXlaxDQr_CFBd1-9pGbZdNoTQeJPoYww%3D/1651696551000
Jax 0.58 Lillia 0.67 Ahri 0.83 Maokai 0.8 Senna 0.58 Graves 0.66 Kayn 0.48 Kassadin 0.43 Draven 0.53 Tahm Kench 0.57 0,https://na.op.gg/summoners/na/Topo/matches/fBHHhgUQStACCFcedc47sgCVfHK1DFYqXXMUqqbY1y4%3D/1651704463000
Darius 0.56 Rek'Sai 0.56 Vex 0.67 Xayah 0.73 Pyke 0.55 Teemo 0.42 Viego 0.55 Ahri 0.73 Lucian 0.41 Nami 0.68 0 ,https://na.op.gg/summoners/na/Cylainius/matches/fBHHhgUQStAQ6fsmIRw6AEI0LLUPg4SUDFOqlm1lNw8%3D/1651712640000
Samira 0.58 Nidalee 0.58 Yone 0.61 Lucian 0.44 Nautilus 0.53 Jayce 0.39 Karthus 1.0 Ahri 0.6 Ezreal 0.7 Braum 0.56 1,https://na.op.gg/summoners/na/FreefaIIing/matches/fBHHhgUQStBr-vzt_W0aogf4orbhRAA5thN8uVrQEyg%3D/1651709955000
Yone 0.5 Talon 0.5 Galio 0.6 Kog'Maw 0.5 Renata Glasc 0.56 Wukong 0.56 Olaf 0.67 Zed 0.55 Lucian 0.72 Nami 0.53 0,https://na.op.gg/summoners/na/Doctor Doom/matches/fBHHhgUQStBd6KCQ2DJB3EAK3tF4OMw3ZWG1rgp4lGc%3D/1651637343000
Ornn 0.67 Shaco 0.54 Aatrox 0.67 Neeko 0.51 Vel'Koz 0.54 Gnar 0.49 Zac 0.36 Lux 0.0 Sivir 0.50 Rakan 0.48 0,https://na.op.gg/summoners/na/NDMay0/matches/fBHHhgUQStBx181bxUjSryDYO5HAN583mL2aXbDNRvw%3D/1651629698000
Volibear 0.5 Wukong 0.57 Kassadin 0.36 Ezreal 0.38 Nidalee 0.69 Rammus 0.55 Elise 0.52 Pantheon 0.47 Lucian 0.67 Blitzcrank 0.52 0,https://na.op.gg/summoners/na/Trade/matches/fBHHhgUQStBMS38crkBOj_ek7QS5YB67oFPgdb5E-5A%3D/1651712293000
Fiora 0.53 Sejuani 0.56 Akali 0.71 Lucian 0.56 Renata Glasc 0.58 Gragas 0.56 Zac 0.61 Fizz 0.58 Jhin 0.54 Bard 0.54 0,https://na.op.gg/summoners/na/Nerfing/matches/fBHHhgUQStB1Fd3G3W2TwIuEYHjC-LhyHiMHXYULWuo%3D/1651714914000
Fiora 0.6 Nidalee 0.64 Rumble 0.73 Aphelios 0.59 Pyke 0.56 Jayce 0.5 Udyr 0.66 Sylas 0.0 Jhin 0.51 Karma 0.85 0,https://na.op.gg/summoners/na/we arent serious/matches/fBHHhgUQStDLtZT5iacC6Z4tCpRNh3I2tUfWwg8bfHw%3D/1651711255000
Camille 0.71 Nocturne 0.63 Fizz 0.5 Ezreal 0.5 Xerath 0.75 Tristana 0.72 Diana 0.5 Yasuo 0.54 Kai'Sa 0.44 Senna 0.58 1,https://na.op.gg/summoners/na/YRN Ben/matches/fBHHhgUQStAl-JkQs7y5AA__O2aoc6axlR7Dn69KTOg%3D/1651621034000
Teemo 0.56 Nocturne 0.4 Camille 0.51 Tristana 0.4 Rakan 0.48 Kayle 0.61 Kayn 0.54 Pantheon 1.0 Samira 0.5 Leona 0.44 1,https://na.op.gg/summoners/na/SB Kaj/matches/fBHHhgUQStAsMBcvwF-GsrTP8z7kN6SQTRn6OBRGG70%3D/1651692641000
Dr. Mundo 0.57 Kha'Zix 0.60  Zoe 0.64 Lucian 1.0 Nami 0.57 Ornn 0.0 Kindred 0.59 Ahri 0.47 Tristana 0.33 Karma 0.44 0,https://na.op.gg/summoners/na/YørdleQuęęn/matches/fBHHhgUQStDZ_Vh2N2n-w09bCVjMhS8Fotg9BdImWwY%3D/1651637495000
Poppy 0.57 Sylas 0.9 Veigar 0.7 Yasuo 0.71 Nami 0.56 Zed 0.5 Graves 0.33 Fizz 0.58 Aphelios 0.82 Brand 0.6 0 ,https://na.op.gg/summoners/na/Pyoneer/matches/fBHHhgUQStAMQ2D5S2hBUWakDbUVt4H8bKp7gL1icEI%3D/1651645643000
Fiora 0.57 Kha'Zix 0.59 Rumble 0.6 Twitch 0.56 Rell 0.63 Jax 0.51 Karthus 0.52 Zed 0.56 Kai'Sa 0.69 Nautilus 0.1 0,https://na.op.gg/summoners/na/Benhart Vance/matches/fBHHhgUQStC8KwQsm6Bgb9xFEZLOf5hjjMpuTqGxQX4%3D/1651647882000
Mordekaiser 0.39 Nocturne 0.53 Gangplank 0.6 Miss Fortune 0.56 Vel'Koz 0.45 Gragas 0.62 Rek'Sai 1.0 Qiyana 0.53 Kai'Sa 0.4 Taric 0.58 1,https://na.op.gg/summoners/na/TTizzle830/matches/fBHHhgUQStDqCxUBdH0GY2ICK9TavgGNKk98tPH68zg%3D/1651574154000
Sett 0.49 Elise 0.67 Renekton 0.33 Tristana 0.47 Bard 0.52 Urgot 0.6 Rengar 0.57 Singed 0.58 Ezreal 0.59 Vel'Koz 0.5 1,https://na.op.gg/summoners/na/HamsterB0Y/matches/fBHHhgUQStAvKa1aWX4Shd7pLJtP3M5nm5Fuw_a-HfA%3D/1651714694000
Aatrox 0.48 Sylas 0.0 Akshan 0.0 Karthus 0.58 Nami 0.46 Malphite 0.67 Elise 0.8 Pyke 0.51 Vayne 0.62 Senna 0.61 1,https://na.op.gg/summoners/na/WARMACHINE HYPER/matches/fBHHhgUQStBys4Ufje3Q5-sSS-SW1E78Ksn0aOTCugo%3D/1649657758000
Ornn 0.57 Diana 0.52 Yasuo 0.51 Ziggs 0.5 Pyke 0.44 Fiora 0.6 Talon 0.5 Vex 0.5 Karthus 0.54 Nami 0.64 1,https://na.op.gg/summoners/na/Jayweii/matches/fBHHhgUQStBFq3EVCF7yj5MH8PelHSvmYVcNkkXwd30%3D/1651653565000
Akali 0.67 Graves 0.8 Viktor 0.33 Ezreal 0.5 Leona 0.45 Shen 0.58 Kayn 0.56 Ahri 0.0 Ziggs 0.53 Karma 0.42 0,https://na.op.gg/summoners/na/WARMACHINE HYPER/matches/fBHHhgUQStDytlzwMK2Wy4iiJBYLCnQUS6vqL_UJ9y0%3D/1651716448000